,A,Epeak,TS,bkg_nllh,dur,gamma,imx,imy,nllh,phi,theta,time,timeID,squareID
0,0.009925857983017084,290.605030894529,16.391112078946996,46039.44034935468,2.0479999780654907,-0.10000000000000003,-0.5859999999999999,-0.439,45905.10607176238,143.16140296809385,36.21159232781815,646018382.6667001,-5122048.0,1764
1,0.008956869413028645,290.605030894529,16.188045519120802,46039.44034935468,2.0479999780654907,0.09999999999999998,-0.5859999999999999,-0.439,45908.413940490114,143.16140296809385,36.21159232781815,646018382.6667001,-5122048.0,1764
2,0.007963726124639216,290.605030894529,15.925523922514174,46039.44034935468,2.0479999780654907,0.3,-0.5859999999999999,-0.439,45912.62919325139,143.16140296809385,36.21159232781815,646018382.6667001,-5122048.0,1764
3,0.007058517328070495,460.57793515969075,17.23504590878819,46039.44034935468,2.0479999780654907,-0.10000000000000003,-0.5859999999999999,-0.439,45890.91694561566,143.16140296809385,36.21159232781815,646018382.6667001,-5122048.0,1764
4,0.006801026651258035,460.57793515969075,17.056938552596748,46039.44034935468,2.0479999780654907,0.09999999999999998,-0.5859999999999999,-0.439,45893.97077296115,143.16140296809385,36.21159232781815,646018382.6667001,-5122048.0,1764
5,0.006421333282115864,460.57793515969075,16.798543696465156,46039.44034935468,2.0479999780654907,0.3,-0.5859999999999999,-0.439,45898.34481419365,143.16140296809385,36.21159232781815,646018382.6667001,-5122048.0,1764
6,0.005098206381118242,729.9668340323904,17.629982858771687,46039.44034935468,2.0479999780654907,-0.10000000000000003,-0.5859999999999999,-0.439,45884.032201554386,143.16140296809385,36.21159232781815,646018382.6667001,-5122048.0,1764
7,0.005259271436622067,729.9668340323904,17.54425746463044,46039.44034935468,2.0479999780654907,0.09999999999999998,-0.5859999999999999,-0.439,45885.53986436206,143.16140296809385,36.21159232781815,646018382.6667001,-5122048.0,1764
8,0.005281455368298513,729.9668340323904,17.35249393133365,46039.44034935468,2.0479999780654907,0.3,-0.5859999999999999,-0.439,45888.88582653619,143.16140296809385,36.21159232781815,646018382.6667001,-5122048.0,1764
9,0.010034905498474923,290.605030894529,16.757405631652336,46039.44034935468,2.0479999780654907,-0.10000000000000003,-0.5839999999999999,-0.439,45899.03502760281,143.06736404962402,36.151880523282294,646018382.6667001,-5122048.0,1764
10,0.009061978042295218,290.605030894529,16.568388187077144,46039.44034935468,2.0479999780654907,0.09999999999999998,-0.5839999999999999,-0.439,45902.18460579584,143.06736404962402,36.151880523282294,646018382.6667001,-5122048.0,1764
11,0.008063355606272327,290.605030894529,16.31915016689978,46039.44034935468,2.0479999780654907,0.3,-0.5839999999999999,-0.439,45906.283018269765,143.06736404962402,36.151880523282294,646018382.6667001,-5122048.0,1764
12,0.007118538713167562,460.57793515969075,17.539457076531583,46039.44034935468,2.0479999780654907,-0.10000000000000003,-0.5839999999999999,-0.439,45885.62407208493,143.06736404962402,36.151880523282294,646018382.6667001,-5122048.0,1764
13,0.006863634066595908,460.57793515969075,17.38342486328873,46039.44034935468,2.0479999780654907,0.09999999999999998,-0.5839999999999999,-0.439,45888.348619365875,143.06736404962402,36.151880523282294,646018382.6667001,-5122048.0,1764
14,0.006485569156522412,460.57793515969075,17.146635577529008,46039.44034935468,2.0479999780654907,0.3,-0.5839999999999999,-0.439,45892.436793540386,143.06736404962402,36.151880523282294,646018382.6667001,-5122048.0,1764
15,0.005135294125773729,729.9668340323904,17.88150091642745,46039.44034935468,2.0479999780654907,-0.10000000000000003,-0.5839999999999999,-0.439,45879.56631184258,143.06736404962402,36.151880523282294,646018382.6667001,-5122048.0,1764
16,0.005300904111962459,729.9668340323904,17.824152577072482,46039.44034935468,2.0479999780654907,0.09999999999999998,-0.5839999999999999,-0.439,45880.5901418093,143.06736404962402,36.151880523282294,646018382.6667001,-5122048.0,1764
17,0.0053270556915338,729.9668340323904,17.66077808854883,46039.44034935468,2.0479999780654907,0.3,-0.5839999999999999,-0.439,45883.488808008195,143.06736404962402,36.151880523282294,646018382.6667001,-5122048.0,1764
18,0.009638496340562132,290.605030894529,15.942965211891611,46039.44034935468,2.0479999780654907,-0.10000000000000003,-0.5819999999999999,-0.439,45912.351279480885,142.97291268127742,36.09215160586864,646018382.6667001,-5122048.0,1764
19,0.008699921188639288,290.605030894529,15.750952175514085,46039.44034935468,2.0479999780654907,0.09999999999999998,-0.5819999999999999,-0.439,45915.39410213701,142.97291268127742,36.09215160586864,646018382.6667001,-5122048.0,1764
20,0.007738653938383869,290.605030894529,15.504751201433344,46039.44034935468,2.0479999780654907,0.3,-0.5819999999999999,-0.439,45919.2416944455,142.97291268127742,36.09215160586864,646018382.6667001,-5122048.0,1764
21,0.006882411743544442,460.57793515969075,16.820518264782947,46039.44034935468,2.0479999780654907,-0.10000000000000003,-0.5819999999999999,-0.439,45897.97543200673,142.97291268127742,36.09215160586864,646018382.6667001,-5122048.0,1764
22,0.006627995477262491,460.57793515969075,16.641252081676978,46039.44034935468,2.0479999780654907,0.09999999999999998,-0.5819999999999999,-0.439,45900.97471393172,142.97291268127742,36.09215160586864,646018382.6667001,-5122048.0,1764
23,0.0062561611249483595,460.57793515969075,16.388011942066917,46039.44034935468,2.0479999780654907,0.3,-0.5819999999999999,-0.439,45905.156881648014,142.97291268127742,36.09215160586864,646018382.6667001,-5122048.0,1764
24,0.004990390791168544,729.9668340323904,17.264970401161957,46039.44034935468,2.0479999780654907,-0.10000000000000003,-0.5819999999999999,-0.439,45890.40074787818,142.97291268127742,36.09215160586864,646018382.6667001,-5122048.0,1764
25,0.005142518952261172,729.9668340323904,17.16547374709684,46039.44034935468,2.0479999780654907,0.09999999999999998,-0.5819999999999999,-0.439,45892.11360487354,142.97291268127742,36.09215160586864,646018382.6667001,-5122048.0,1764
26,0.005159595186733859,729.9668340323904,16.966558942744605,46039.44034935468,2.0479999780654907,0.3,-0.5819999999999999,-0.439,45895.508288175864,142.97291268127742,36.09215160586864,646018382.6667001,-5122048.0,1764
27,0.009862518680573135,290.605030894529,16.453833351771934,46039.44034935468,2.0479999780654907,-0.10000000000000003,-0.5859999999999999,-0.437,45904.07603337074,143.28686196167922,36.16690588838841,646018382.6667001,-5122048.0,1764
28,0.008889339810357623,290.605030894529,16.23818200951443,46039.44034935468,2.0479999780654907,0.09999999999999998,-0.5859999999999999,-0.437,45907.60107186762,143.28686196167922,36.16690588838841,646018382.6667001,-5122048.0,1764
29,0.007894052967612648,290.605030894529,15.962895164136363,46039.44034935468,2.0479999780654907,0.3,-0.5859999999999999,-0.437,45912.033338344074,143.28686196167922,36.16690588838841,646018382.6667001,-5122048.0,1764
30,0.007032488538418661,460.57793515969075,17.319024042540697,46039.44034935468,2.0479999780654907,-0.10000000000000003,-0.5859999999999999,-0.437,45889.46605246163,143.28686196167922,36.16690588838841,646018382.6667001,-5122048.0,1764
31,0.006766524796348363,460.57793515969075,17.1272770527882,46039.44034935468,2.0479999780654907,0.09999999999999998,-0.5859999999999999,-0.437,45892.768539733195,143.28686196167922,36.16690588838841,646018382.6667001,-5122048.0,1764
32,0.0063792544733638845,460.57793515969075,16.854200678545244,46039.44034935468,2.0479999780654907,0.3,-0.5859999999999999,-0.437,45897.40830909834,143.28686196167922,36.16690588838841,646018382.6667001,-5122048.0,1764
33,0.005090177889349991,729.9668340323904,17.724119928398615,46039.44034935468,2.0479999780654907,-0.10000000000000003,-0.5859999999999999,-0.437,45882.36813573655,143.28686196167922,36.16690588838841,646018382.6667001,-5122048.0,1764
34,0.005243034495132785,729.9668340323904,17.626011017188162,46039.44034935468,2.0479999780654907,0.09999999999999998,-0.5859999999999999,-0.437,45884.10221716566,143.28686196167922,36.16690588838841,646018382.6667001,-5122048.0,1764
35,0.005256289507351146,729.9668340323904,17.419611641087368,46039.44034935468,2.0479999780654907,0.3,-0.5859999999999999,-0.437,45887.718914491525,143.28686196167922,36.16690588838841,646018382.6667001,-5122048.0,1764
36,0.01008622959641849,290.605030894529,16.7496912351633,46039.44034935468,2.0479999780654907,-0.10000000000000003,-0.5839999999999999,-0.437,45899.164271118025,143.19294387490004,36.107027716494144,646018382.6667001,-5122048.0,1764
37,0.009110631388100534,290.605030894529,16.556219238604076,46039.44034935468,2.0479999780654907,0.09999999999999998,-0.5839999999999999,-0.437,45902.386151616316,143.19294387490004,36.107027716494144,646018382.6667001,-5122048.0,1764
38,0.00810980334603167,290.605030894529,16.303888333488846,46039.44034935468,2.0479999780654907,0.3,-0.5839999999999999,-0.437,45906.53196195924,143.19294387490004,36.107027716494144,646018382.6667001,-5122048.0,1764
39,0.007151123799497737,460.57793515969075,17.543630685602913,46039.44034935468,2.0479999780654907,-0.10000000000000003,-0.5839999999999999,-0.437,45885.550860538264,143.19294387490004,36.107027716494144,646018382.6667001,-5122048.0,1764
40,0.0068967136341953695,460.57793515969075,17.382040602413355,46039.44034935468,2.0479999780654907,0.09999999999999998,-0.5839999999999999,-0.437,45888.372681602705,143.19294387490004,36.107027716494144,646018382.6667001,-5122048.0,1764
41,0.006519411388626432,460.57793515969075,17.140771129932038,46039.44034935468,2.0479999780654907,0.3,-0.5839999999999999,-0.437,45892.53733189032,143.19294387490004,36.107027716494144,646018382.6667001,-5122048.0,1764
42,0.005155487861536067,729.9668340323904,17.89136239886296,46039.44034935468,2.0479999780654907,-0.10000000000000003,-0.5839999999999999,-0.437,45879.389925110954,143.19294387490004,36.107027716494144,646018382.6667001,-5122048.0,1764
43,0.00532301410188754,729.9668340323904,17.828268781218803,46039.44034935468,2.0479999780654907,0.09999999999999998,-0.5839999999999999,-0.437,45880.51676548699,143.19294387490004,36.107027716494144,646018382.6667001,-5122048.0,1764
44,0.005351486037978332,729.9668340323904,17.65992338050673,46039.44034935468,2.0479999780654907,0.3,-0.5839999999999999,-0.437,45883.503902451994,143.19294387490004,36.107027716494144,646018382.6667001,-5122048.0,1764
45,0.009537213410547153,290.605030894529,15.941211541195726,46039.44034935468,2.0479999780654907,-0.10000000000000003,-0.5819999999999999,-0.437,45912.3792366541,143.09861250873465,36.04713184812236,646018382.6667001,-5122048.0,1764
46,0.008602218315084193,290.605030894529,15.742155942854458,46039.44034935468,2.0479999780654907,0.09999999999999998,-0.5819999999999999,-0.437,45915.532612490104,143.09861250873465,36.04713184812236,646018382.6667001,-5122048.0,1764
47,0.007645508561531696,290.605030894529,15.489455472800858,46039.44034935468,2.0479999780654907,0.3,-0.5819999999999999,-0.437,45919.47873393274,143.09861250873465,36.04713184812236,646018382.6667001,-5122048.0,1764
48,0.006827572240625099,460.57793515969075,16.830855898226833,46039.44034935468,2.0479999780654907,-0.10000000000000003,-0.5819999999999999,-0.437,45897.80149422124,143.09861250873465,36.04713184812236,646018382.6667001,-5122048.0,1764
49,0.006567670975854868,460.57793515969075,16.642821101716372,46039.44034935468,2.0479999780654907,0.09999999999999998,-0.5819999999999999,-0.437,45900.94860224281,143.09861250873465,36.04713184812236,646018382.6667001,-5122048.0,1764
50,0.006192183641081679,460.57793515969075,16.380961008130146,46039.44034935468,2.0479999780654907,0.3,-0.5819999999999999,-0.437,45905.27240757974,143.09861250873465,36.04713184812236,646018382.6667001,-5122048.0,1764
51,0.0049626873963645075,729.9668340323904,17.28578682463446,46039.44034935468,2.0479999780654907,-0.10000000000000003,-0.5819999999999999,-0.437,45890.041136281325,143.09861250873465,36.04713184812236,646018382.6667001,-5122048.0,1764
52,0.0051067312424120355,729.9668340323904,17.176698292971427,46039.44034935468,2.0479999780654907,0.09999999999999998,-0.5819999999999999,-0.437,45891.920867230794,143.09861250873465,36.04713184812236,646018382.6667001,-5122048.0,1764
53,0.005116121572194213,729.9668340323904,16.96753789227229,46039.44034935468,2.0479999780654907,0.3,-0.5819999999999999,-0.437,45895.49167829183,143.09861250873465,36.04713184812236,646018382.6667001,-5122048.0,1764
54,0.009685990729951313,290.605030894529,16.146922660528258,46039.44034935468,2.0479999780654907,-0.10000000000000003,-0.5859999999999999,-0.435,45909.07879365214,143.412732024273,36.12229989497862,646018382.6667001,-5122048.0,1764
55,0.008722494448983896,290.605030894529,15.919195500030375,46039.44034935468,2.0479999780654907,0.09999999999999998,-0.5859999999999999,-0.435,45912.729956670584,143.412732024273,36.12229989497862,646018382.6667001,-5122048.0,1764
56,0.007739000733415175,290.605030894529,15.633649168837364,46039.44034935468,2.0479999780654907,0.3,-0.5859999999999999,-0.435,45917.23485618753,143.412732024273,36.12229989497862,646018382.6667001,-5122048.0,1764
57,0.006935864144006714,460.57793515969075,17.072570609252928,46039.44034935468,2.0479999780654907,-0.10000000000000003,-0.5859999999999999,-0.435,45893.704015750714,143.412732024273,36.12229989497862,646018382.6667001,-5122048.0,1764
58,0.006665243564613548,460.57793515969075,16.859461738307633,46039.44034935468,2.0479999780654907,0.09999999999999998,-0.5859999999999999,-0.435,45897.31962430195,143.412732024273,36.12229989497862,646018382.6667001,-5122048.0,1764
59,0.006275745229833244,460.57793515969075,16.566577184704713,46039.44034935468,2.0479999780654907,0.3,-0.5859999999999999,-0.435,45902.21460954629,143.412732024273,36.12229989497862,646018382.6667001,-5122048.0,1764
60,0.005035403836054903,729.9668340323904,17.529950423827213,46039.44034935468,2.0479999780654907,-0.10000000000000003,-0.5859999999999999,-0.435,45885.79076842376,143.412732024273,36.12229989497862,646018382.6667001,-5122048.0,1764
61,0.005179107680572201,729.9668340323904,17.4037433777345,46039.44034935468,2.0479999780654907,0.09999999999999998,-0.5859999999999999,-0.435,45887.99520757566,143.412732024273,36.12229989497862,646018382.6667001,-5122048.0,1764
62,0.005184339468202931,729.9668340323904,17.169904393911914,46039.44034935468,2.0479999780654907,0.3,-0.5859999999999999,-0.435,45892.03754090664,143.412732024273,36.12229989497862,646018382.6667001,-5122048.0,1764
63,0.009534210561634502,290.605030894529,16.042180472232488,46039.44034935468,2.0479999780654907,-0.10000000000000003,-0.5839999999999999,-0.435,45910.76457220284,143.31893697780916,36.06225525523979,646018382.6667001,-5122048.0,1764
64,0.008589880458617331,290.605030894529,15.824931724415714,46039.44034935468,2.0479999780654907,0.09999999999999998,-0.5839999999999999,-0.435,45914.22611731347,143.31893697780916,36.06225525523979,646018382.6667001,-5122048.0,1764
65,0.007626399999475242,290.605030894529,15.552854418728248,46039.44034935468,2.0479999780654907,0.3,-0.5839999999999999,-0.435,45918.4947090696,143.31893697780916,36.06225525523979,646018382.6667001,-5122048.0,1764
66,0.006836316884240101,460.57793515969075,16.95600767909958,46039.44034935468,2.0479999780654907,-0.10000000000000003,-0.5839999999999999,-0.435,45895.687251147836,143.31893697780916,36.06225525523979,646018382.6667001,-5122048.0,1764
67,0.006569146628183816,460.57793515969075,16.75045266222701,46039.44034935468,2.0479999780654907,0.09999999999999998,-0.5839999999999999,-0.435,45899.151517159924,143.31893697780916,36.06225525523979,646018382.6667001,-5122048.0,1764
68,0.006186287640414077,460.57793515969075,16.468799164060076,46039.44034935468,2.0479999780654907,0.3,-0.5839999999999999,-0.435,45903.829676401605,143.31893697780916,36.06225525523979,646018382.6667001,-5122048.0,1764
69,0.004974028688804209,729.9668340323904,17.417745409277817,46039.44034935468,2.0479999780654907,-0.10000000000000003,-0.5839999999999999,-0.435,45887.75142178347,143.31893697780916,36.06225525523979,646018382.6667001,-5122048.0,1764
70,0.005113057898579528,729.9668340323904,17.29441714021689,46039.44034935468,2.0479999780654907,0.09999999999999998,-0.5839999999999999,-0.435,45889.891917244764,143.31893697780916,36.06225525523979,646018382.6667001,-5122048.0,1764
71,0.005116340988302185,729.9668340323904,17.067461415900386,46039.44034935468,2.0479999780654907,0.3,-0.5839999999999999,-0.435,45893.791229763054,143.31893697780916,36.06225525523979,646018382.6667001,-5122048.0,1764
72,0.009299539717313994,290.605030894529,15.498216013982692,46039.44034935468,2.0479999780654907,-0.10000000000000003,-0.5819999999999999,-0.435,45919.34299954664,143.2247278329684,36.002192331786006,646018382.6667001,-5122048.0,1764
73,0.008375772314843152,290.605030894529,15.27930020278008,46039.44034935468,2.0479999780654907,0.09999999999999998,-0.5819999999999999,-0.435,45922.71184201134,143.2247278329684,36.002192331786006,646018382.6667001,-5122048.0,1764
74,0.007434197494776456,290.605030894529,15.00945732308272,46039.44034935468,2.0479999780654907,0.3,-0.5819999999999999,-0.435,45926.79844478796,143.2247278329684,36.002192331786006,646018382.6667001,-5122048.0,1764
75,0.006694474332478197,460.57793515969075,16.463108287985765,46039.44034935468,2.0479999780654907,-0.10000000000000003,-0.5819999999999999,-0.435,45903.923382103705,143.2247278329684,36.002192331786006,646018382.6667001,-5122048.0,1764
76,0.006428093137911071,460.57793515969075,16.24472752285755,46039.44034935468,2.0479999780654907,0.09999999999999998,-0.5819999999999999,-0.435,45907.494763208735,143.2247278329684,36.002192331786006,646018382.6667001,-5122048.0,1764
77,0.0060494468114786855,460.57793515969075,15.95441183926617,46039.44034935468,2.0479999780654907,0.3,-0.5819999999999999,-0.435,45912.16872078622,143.2247278329684,36.002192331786006,646018382.6667001,-5122048.0,1764
78,0.004884901998561713,729.9668340323904,16.98366393948232,46039.44034935468,2.0479999780654907,-0.10000000000000003,-0.5819999999999999,-0.435,45895.21792895004,143.2247278329684,36.002192331786006,646018382.6667001,-5122048.0,1764
79,0.005016685871219957,729.9668340323904,16.83639332353455,46039.44034935468,2.0479999780654907,0.09999999999999998,-0.5819999999999999,-0.435,45897.7082792823,143.2247278329684,36.002192331786006,646018382.6667001,-5122048.0,1764
80,0.005015377965641628,729.9668340323904,16.589551677165026,46039.44034935468,2.0479999780654907,0.3,-0.5819999999999999,-0.435,45901.83373693001,143.2247278329684,36.002192331786006,646018382.6667001,-5122048.0,1764
81,0.005999379863010198,579.833266684221,17.784102840095798,46039.44034935468,2.0479999780654907,-0.20000000000000004,-0.5849999999999999,-0.438,45881.303192441126,143.17714321346574,36.15934385287649,646018382.6667001,-5122048.0,1764
82,0.006036347740278041,579.833266684221,17.7516378237417,46039.44034935468,2.0479999780654907,-0.10000000000000003,-0.5849999999999999,-0.438,45881.88002664203,143.17714321346574,36.15934385287649,646018382.6667001,-5122048.0,1764
83,0.006043491976256121,579.833266684221,17.700650393229232,46039.44034935468,2.0479999780654907,-2.7755575615628914e-17,-0.5849999999999999,-0.438,45882.783837183015,143.17714321346574,36.15934385287649,646018382.6667001,-5122048.0,1764
84,0.0050124715701250905,729.9668340323904,17.874735416560913,46039.44034935468,2.0479999780654907,-0.20000000000000004,-0.5849999999999999,-0.438,45879.68726624865,143.17714321346574,36.15934385287649,646018382.6667001,-5122048.0,1764
85,0.00513658712504328,729.9668340323904,17.87427269563075,46039.44034935468,2.0479999780654907,-0.10000000000000003,-0.5849999999999999,-0.438,45879.69553715579,143.17714321346574,36.15934385287649,646018382.6667001,-5122048.0,1764
86,0.005234052786694051,729.9668340323904,17.853289408285217,46039.44034935468,2.0479999780654907,-2.7755575615628914e-17,-0.5849999999999999,-0.438,45880.07037800668,143.17714321346574,36.15934385287649,646018382.6667001,-5122048.0,1764
87,0.004202456957284213,918.9737971303117,17.86796293963195,46039.44034935468,2.0479999780654907,-0.20000000000000004,-0.5849999999999999,-0.438,45879.80829954865,143.17714321346574,36.15934385287649,646018382.6667001,-5122048.0,1764
88,0.004387158807858778,918.9737971303117,17.90500151143377,46039.44034935468,2.0479999780654907,-0.10000000000000003,-0.5849999999999999,-0.438,45879.145809792455,143.17714321346574,36.15934385287649,646018382.6667001,-5122048.0,1764
89,0.004550824465146021,918.9737971303117,17.920045226211606,46039.44034935468,2.0479999780654907,-2.7755575615628914e-17,-0.5849999999999999,-0.438,45878.87633889994,143.17714321346574,36.15934385287649,646018382.6667001,-5122048.0,1764
90,0.005989363874931726,579.833266684221,17.797678034238412,46039.44034935468,2.0479999780654907,-0.20000000000000004,-0.5839999999999999,-0.438,45881.06167764947,143.13010235415598,36.12944414324085,646018382.6667001,-5122048.0,1764
91,0.006024713903841659,579.833266684221,17.765347209704625,46039.44034935468,2.0479999780654907,-0.10000000000000003,-0.5839999999999999,-0.438,45881.636568614,143.13010235415598,36.12944414324085,646018382.6667001,-5122048.0,1764
92,0.006030241562676403,579.833266684221,17.714452024418254,46039.44034935468,2.0479999780654907,-2.7755575615628914e-17,-0.5839999999999999,-0.438,45882.53944409197,143.13010235415598,36.12944414324085,646018382.6667001,-5122048.0,1764
93,0.00500844290131176,729.9668340323904,17.891021758664188,46039.44034935468,2.0479999780654907,-0.20000000000000004,-0.5839999999999999,-0.438,45879.39601957018,143.13010235415598,36.12944414324085,646018382.6667001,-5122048.0,1764
94,0.0051310146770128595,729.9668340323904,17.89062006466234,46039.44034935468,2.0479999780654907,-0.10000000000000003,-0.5839999999999999,-0.438,45879.40320620563,143.13010235415598,36.12944414324085,646018382.6667001,-5122048.0,1764
95,0.005226810474823211,729.9668340323904,17.86957768707732,46039.44034935468,2.0479999780654907,-2.7755575615628914e-17,-0.5839999999999999,-0.438,45879.77944599743,143.13010235415598,36.12944414324085,646018382.6667001,-5122048.0,1764
96,0.00420218803684213,918.9737971303117,17.88680536613955,46039.44034935468,2.0479999780654907,-0.20000000000000004,-0.5839999999999999,-0.438,45879.4714462516,143.13010235415598,36.12944414324085,646018382.6667001,-5122048.0,1764
97,0.004385637983068152,918.9737971303117,17.923993382902616,46039.44034935468,2.0479999780654907,-0.10000000000000003,-0.5839999999999999,-0.438,45878.80557995951,143.13010235415598,36.12944414324085,646018382.6667001,-5122048.0,1764
98,0.0045478293460951575,918.9737971303117,17.938975947708677,46039.44034935468,2.0479999780654907,-2.7755575615628914e-17,-0.5839999999999999,-0.438,45878.53692032844,143.13010235415598,36.12944414324085,646018382.6667001,-5122048.0,1764
99,0.005980941964071675,579.833266684221,17.633883599833656,46039.44034935468,2.0479999780654907,-0.20000000000000004,-0.5829999999999999,-0.438,45883.96342394844,143.08295827852564,36.099540082435134,646018382.6667001,-5122048.0,1764
100,0.00601971506290532,579.833266684221,17.603012619441504,46039.44034935468,2.0479999780654907,-0.10000000000000003,-0.5829999999999999,-0.438,45884.50732271457,143.08295827852564,36.099540082435134,646018382.6667001,-5122048.0,1764
101,0.006029068265287876,579.833266684221,17.55441732843529,46039.44034935468,2.0479999780654907,-2.7755575615628914e-17,-0.5829999999999999,-0.438,45885.36156548424,143.08295827852564,36.099540082435134,646018382.6667001,-5122048.0,1764
102,0.004996239500291867,729.9668340323904,17.730611801461286,46039.44034935468,2.0479999780654907,-0.20000000000000004,-0.5829999999999999,-0.438,45882.25305192762,143.08295827852564,36.099540082435134,646018382.6667001,-5122048.0,1764
103,0.005121416559738152,729.9668340323904,17.730492950029,46039.44034935468,2.0479999780654907,-0.10000000000000003,-0.5829999999999999,-0.438,45882.255159229164,143.08295827852564,36.099540082435134,646018382.6667001,-5122048.0,1764
104,0.005220368957565104,729.9668340323904,17.7106974446122,46039.44034935468,2.0479999780654907,-2.7755575615628914e-17,-0.5829999999999999,-0.438,45882.60594736738,143.08295827852564,36.099540082435134,646018382.6667001,-5122048.0,1764
105,0.004188326843671637,918.9737971303117,17.731032115309738,46039.44034935468,2.0479999780654907,-0.20000000000000004,-0.5829999999999999,-0.438,45882.245599417605,143.08295827852564,36.099540082435134,646018382.6667001,-5122048.0,1764
106,0.004373507231779138,918.9737971303117,17.767160783541122,46039.44034935468,2.0479999780654907,-0.10000000000000003,-0.5829999999999999,-0.438,45881.60434820058,143.08295827852564,36.099540082435134,646018382.6667001,-5122048.0,1764
107,0.0045380682872603155,918.9737971303117,17.782167403049815,46039.44034935468,2.0479999780654907,-2.7755575615628914e-17,-0.5829999999999999,-0.438,45881.337610579634,143.08295827852564,36.099540082435134,646018382.6667001,-5122048.0,1764
108,0.006074913582024889,579.833266684221,17.833647462925907,46039.44034935468,2.0479999780654907,-0.20000000000000004,-0.5849999999999999,-0.437,45880.420858438716,143.23995443992732,36.13696906091945,646018382.6667001,-5122048.0,1764
109,0.006116160244034932,579.833266684221,17.800918056861903,46039.44034935468,2.0479999780654907,-0.10000000000000003,-0.5849999999999999,-0.437,45881.00400752112,143.23995443992732,36.13696906091945,646018382.6667001,-5122048.0,1764
110,0.006127544995773137,579.833266684221,17.74977937178245,46039.44034935468,2.0479999780654907,-2.7755575615628914e-17,-0.5849999999999999,-0.437,45881.9130154812,143.23995443992732,36.13696906091945,646018382.6667001,-5122048.0,1764
111,0.0050667028539427405,729.9668340323904,17.91841723991924,46039.44034935468,2.0479999780654907,-0.20000000000000004,-0.5849999999999999,-0.437,45878.90551116276,143.23995443992732,36.13696906091945,646018382.6667001,-5122048.0,1764
112,0.00519558871074865,729.9668340323904,17.91808068315926,46039.44034935468,2.0479999780654907,-0.10000000000000003,-0.5849999999999999,-0.437,45878.911541670575,143.23995443992732,36.13696906091945,646018382.6667001,-5122048.0,1764
113,0.005298020141718614,729.9668340323904,17.897406777446342,46039.44034935468,2.0479999780654907,-2.7755575615628914e-17,-0.5849999999999999,-0.437,45879.28176467599,143.23995443992732,36.13696906091945,646018382.6667001,-5122048.0,1764
114,0.004241278865539029,918.9737971303117,17.90548462910607,46039.44034935468,2.0479999780654907,-0.20000000000000004,-0.5849999999999999,-0.437,45879.1371594531,143.23995443992732,36.13696906091945,646018382.6667001,-5122048.0,1764
115,0.004430663328428881,918.9737971303117,17.942857783920182,46039.44034935468,2.0479999780654907,-0.10000000000000003,-0.5849999999999999,-0.437,45878.467276627685,143.23995443992732,36.13696906091945,646018382.6667001,-5122048.0,1764
116,0.004599409968870951,918.9737971303117,17.958507859704888,46039.44034935468,2.0479999780654907,-2.7755575615628914e-17,-0.5849999999999999,-0.437,45878.18634708114,143.23995443992732,36.13696906091945,646018382.6667001,-5122048.0,1764
117,0.006021918691294117,579.833266684221,17.801396882571503,46039.44034935468,2.0479999780654907,-0.20000000000000004,-0.5839999999999999,-0.437,45880.995483869265,143.19294387490004,36.107027716494144,646018382.6667001,-5122048.0,1764
118,0.00606042754470688,579.833266684221,17.76981671416394,46039.44034935468,2.0479999780654907,-0.10000000000000003,-0.5839999999999999,-0.437,45881.55715632719,143.19294387490004,36.107027716494144,646018382.6667001,-5122048.0,1764
119,0.006069308008438631,579.833266684221,17.72007522024422,46039.44034935468,2.0479999780654907,-2.7755575615628914e-17,-0.5839999999999999,-0.437,45882.43981644912,143.19294387490004,36.107027716494144,646018382.6667001,-5122048.0,1764
120,0.005029903092777167,729.9668340323904,17.89114654522058,46039.44034935468,2.0479999780654907,-0.20000000000000004,-0.5839999999999999,-0.437,45879.3937870034,143.19294387490004,36.107027716494144,646018382.6667001,-5122048.0,1764
121,0.005155487861536067,729.9668340323904,17.89136239886296,46039.44034935468,2.0479999780654907,-0.10000000000000003,-0.5839999999999999,-0.437,45879.389925110954,143.19294387490004,36.107027716494144,646018382.6667001,-5122048.0,1764
122,0.005254634095707424,729.9668340323904,17.87140910347262,46039.44034935468,2.0479999780654907,-2.7755575615628914e-17,-0.5839999999999999,-0.437,45879.746717682836,143.19294387490004,36.107027716494144,646018382.6667001,-5122048.0,1764
123,0.004216109967101479,918.9737971303117,17.883744167699476,46039.44034935468,2.0479999780654907,-0.20000000000000004,-0.5839999999999999,-0.437,45879.526196626815,143.19294387490004,36.107027716494144,646018382.6667001,-5122048.0,1764
124,0.0044021856473576305,918.9737971303117,17.921280903171066,46039.44034935468,2.0479999780654907,-0.10000000000000003,-0.5839999999999999,-0.437,45878.854194749496,143.19294387490004,36.107027716494144,646018382.6667001,-5122048.0,1764
125,0.004567440993647626,918.9737971303117,17.937154409142046,46039.44034935468,2.0479999780654907,-2.7755575615628914e-17,-0.5839999999999999,-0.437,45878.569595205976,143.19294387490004,36.107027716494144,646018382.6667001,-5122048.0,1764
126,0.006013053818535662,579.833266684221,17.651510959960337,46039.44034935468,2.0479999780654907,-0.20000000000000004,-0.5829999999999999,-0.437,45883.65242976988,143.14582999019055,36.07708194783477,646018382.6667001,-5122048.0,1764
127,0.0060546129849582886,579.833266684221,17.621320586150727,46039.44034935468,2.0479999780654907,-0.10000000000000003,-0.5829999999999999,-0.437,45884.18487975473,143.14582999019055,36.07708194783477,646018382.6667001,-5122048.0,1764
128,0.006066905577443822,579.833266684221,17.573693268760568,46039.44034935468,2.0479999780654907,-2.7755575615628914e-17,-0.5829999999999999,-0.437,45885.02300180244,143.14582999019055,36.07708194783477,646018382.6667001,-5122048.0,1764
129,0.005017748844699571,729.9668340323904,17.74382346912089,46039.44034935468,2.0479999780654907,-0.20000000000000004,-0.5829999999999999,-0.437,45882.018713703015,143.14582999019055,36.07708194783477,646018382.6667001,-5122048.0,1764
130,0.005145634102524112,729.9668340323904,17.744398987009454,46039.44034935468,2.0479999780654907,-0.10000000000000003,-0.5829999999999999,-0.437,45882.00850164959,143.14582999019055,36.07708194783477,646018382.6667001,-5122048.0,1764
131,0.005247575389925463,729.9668340323904,17.72564294530226,46039.44034935468,2.0479999780654907,-2.7755575615628914e-17,-0.5829999999999999,-0.437,45882.341140442506,143.14582999019055,36.07708194783477,646018382.6667001,-5122048.0,1764
132,0.004202605487827208,918.9737971303117,17.74026705259217,46039.44034935468,2.0479999780654907,-0.20000000000000004,-0.5829999999999999,-0.437,45882.081811806034,143.14582999019055,36.07708194783477,646018382.6667001,-5122048.0,1764
133,0.00439018178419667,918.9737971303117,17.776966706037697,46039.44034935468,2.0479999780654907,-0.10000000000000003,-0.5829999999999999,-0.437,45881.43007672089,143.14582999019055,36.07708194783477,646018382.6667001,-5122048.0,1764
134,0.004557509919283601,918.9737971303117,17.792950953656554,46039.44034935468,2.0479999780654907,-2.7755575615628914e-17,-0.5829999999999999,-0.437,45881.145797535064,143.14582999019055,36.07708194783477,646018382.6667001,-5122048.0,1764
135,0.005929745619718098,579.833266684221,17.56984189961716,46039.44034935468,2.0479999780654907,-0.20000000000000004,-0.5849999999999999,-0.436,45885.09067716591,143.30286870955462,36.11461436794599,646018382.6667001,-5122048.0,1764
136,0.005962066484278945,579.833266684221,17.522928665396527,46039.44034935468,2.0479999780654907,-0.10000000000000003,-0.5849999999999999,-0.436,45885.91383484839,143.30286870955462,36.11461436794599,646018382.6667001,-5122048.0,1764
137,0.005964931295162739,579.833266684221,17.457556711712744,46039.44034935468,2.0479999780654907,-2.7755575615628914e-17,-0.5849999999999999,-0.436,45887.057206183345,143.30286870955462,36.11461436794599,646018382.6667001,-5122048.0,1764
138,0.0049621533117397785,729.9668340323904,17.68916779902131,46039.44034935468,2.0479999780654907,-0.20000000000000004,-0.5849999999999999,-0.436,45882.98702064371,143.30286870955462,36.11461436794599,646018382.6667001,-5122048.0,1764
139,0.005081097121907582,729.9668340323904,17.67285443056571,46039.44034935468,2.0479999780654907,-0.10000000000000003,-0.5849999999999999,-0.436,45883.275457492695,143.30286870955462,36.11461436794599,646018382.6667001,-5122048.0,1764
140,0.005173504873180671,729.9668340323904,17.635873629127417,46039.44034935468,2.0479999780654907,-2.7755575615628914e-17,-0.5849999999999999,-0.436,45883.9283300234,143.30286870955462,36.11461436794599,646018382.6667001,-5122048.0,1764
141,0.0041659183931146765,918.9737971303117,17.707972427751294,46039.44034935468,2.0479999780654907,-0.20000000000000004,-0.5849999999999999,-0.436,45882.65420560368,143.30286870955462,36.11461436794599,646018382.6667001,-5122048.0,1764
142,0.004345444677622709,918.9737971303117,17.728157751125867,46039.44034935468,2.0479999780654907,-0.10000000000000003,-0.5849999999999999,-0.436,45882.296560730276,143.30286870955462,36.11461436794599,646018382.6667001,-5122048.0,1764
143,0.004503814920673642,918.9737971303117,17.725954904933428,46039.44034935468,2.0479999780654907,-2.7755575615628914e-17,-0.5849999999999999,-0.436,45882.33561070881,143.30286870955462,36.11461436794599,646018382.6667001,-5122048.0,1764
144,0.0058431574795672035,579.833266684221,17.459899446258603,46039.44034935468,2.0479999780654907,-0.20000000000000004,-0.5839999999999999,-0.436,45887.01630501795,143.2558887152167,36.08463137605675,646018382.6667001,-5122048.0,1764
145,0.005871357852284342,579.833266684221,17.41181978778987,46039.44034935468,2.0479999780654907,-0.10000000000000003,-0.5839999999999999,-0.436,45887.85461519344,143.2558887152167,36.08463137605675,646018382.6667001,-5122048.0,1764
146,0.005870498521630557,579.833266684221,17.34564009620773,46039.44034935468,2.0479999780654907,-2.7755575615628914e-17,-0.5839999999999999,-0.436,45889.00473418109,143.2558887152167,36.08463137605675,646018382.6667001,-5122048.0,1764
147,0.004900160651636558,729.9668340323904,17.59135817203929,46039.44034935468,2.0479999780654907,-0.20000000000000004,-0.5839999999999999,-0.436,45884.71240818619,143.2558887152167,36.08463137605675,646018382.6667001,-5122048.0,1764
148,0.005014019345916071,729.9668340323904,17.572697992555305,46039.44034935468,2.0479999780654907,-0.10000000000000003,-0.5839999999999999,-0.436,45885.0404919859,143.2558887152167,36.08463137605675,646018382.6667001,-5122048.0,1764
149,0.005101432828589421,729.9668340323904,17.533612964516223,46039.44034935468,2.0479999780654907,-2.7755575615628914e-17,-0.5839999999999999,-0.436,45885.72655755995,143.2558887152167,36.08463137605675,646018382.6667001,-5122048.0,1764
150,0.004121853794338959,918.9737971303117,17.622754975079804,46039.44034935468,2.0479999780654907,-0.20000000000000004,-0.5839999999999999,-0.436,45884.15960289883,143.2558887152167,36.08463137605675,646018382.6667001,-5122048.0,1764
151,0.004296142420281811,918.9737971303117,17.639712062962317,46039.44034935468,2.0479999780654907,-0.10000000000000003,-0.5839999999999999,-0.436,45883.86062852257,143.2558887152167,36.08463137605675,646018382.6667001,-5122048.0,1764
152,0.004449077438073965,918.9737971303117,17.634362624959742,46039.44034935468,2.0479999780654907,-2.7755575615628914e-17,-0.5839999999999999,-0.436,45883.95497676039,143.2558887152167,36.08463137605675,646018382.6667001,-5122048.0,1764
153,0.005803482631002991,579.833266684221,17.281749857901964,46039.44034935468,2.0479999780654907,-0.20000000000000004,-0.5829999999999999,-0.436,45890.11091027913,143.20880529849245,36.05464388664209,646018382.6667001,-5122048.0,1764
154,0.0058315508066235444,579.833266684221,17.230193321455182,46039.44034935468,2.0479999780654907,-0.10000000000000003,-0.5829999999999999,-0.436,45891.00056840732,143.20880529849245,36.05464388664209,646018382.6667001,-5122048.0,1764
155,0.005830849686937083,579.833266684221,17.160905342841115,46039.44034935468,2.0479999780654907,-2.7755575615628914e-17,-0.5829999999999999,-0.436,45892.1920132617,143.20880529849245,36.05464388664209,646018382.6667001,-5122048.0,1764
156,0.004866385818790251,729.9668340323904,17.422080983129774,46039.44034935468,2.0479999780654907,-0.20000000000000004,-0.5829999999999999,-0.436,45887.67589646331,143.20880529849245,36.05464388664209,646018382.6667001,-5122048.0,1764
157,0.004979456234074701,729.9668340323904,17.398977937482073,46039.44034935468,2.0479999780654907,-0.10000000000000003,-0.5829999999999999,-0.436,45888.078132720184,143.20880529849245,36.05464388664209,646018382.6667001,-5122048.0,1764
158,0.0050663737344583785,729.9668340323904,17.355844447191938,46039.44034935468,2.0479999780654907,-2.7755575615628914e-17,-0.5829999999999999,-0.436,45888.827681117116,143.20880529849245,36.05464388664209,646018382.6667001,-5122048.0,1764
159,0.004093166594980294,918.9737971303117,17.4626138595505,46039.44034935468,2.0479999780654907,-0.20000000000000004,-0.5829999999999999,-0.436,45886.968907950795,143.20880529849245,36.05464388664209,646018382.6667001,-5122048.0,1764
160,0.0042661360068074455,918.9737971303117,17.474100004129706,46039.44034935468,2.0479999780654907,-0.10000000000000003,-0.5829999999999999,-0.436,45886.768263877515,143.20880529849245,36.05464388664209,646018382.6667001,-5122048.0,1764
161,0.00441802017047457,918.9737971303117,17.46369670403584,46039.44034935468,2.0479999780654907,-2.7755575615628914e-17,-0.5829999999999999,-0.436,45886.9499980694,143.20880529849245,36.05464388664209,646018382.6667001,-5122048.0,1764
162,0.009000179228501295,290.605030894529,15.485381834009758,46039.44034929153,2.0479999780654907,-0.10000000000000003,-0.5639999999999998,-0.418,45919.54182401899,143.45657049914743,35.0692924332371,646018382.6667001,-5122048.0,1764
163,0.008107011187033159,290.605030894529,15.30554878563944,46039.44034929153,2.0479999780654907,0.09999999999999998,-0.5639999999999998,-0.418,45922.310437476735,143.45657049914743,35.0692924332371,646018382.6667001,-5122048.0,1764
164,0.007197711292850608,290.605030894529,15.07706733989385,46039.44034929153,2.0479999780654907,0.3,-0.5639999999999998,-0.418,45925.78136950568,143.45657049914743,35.0692924332371,646018382.6667001,-5122048.0,1764
165,0.006524455875691708,460.57793515969075,16.418943062248132,46039.44034929153,2.0479999780654907,-0.10000000000000003,-0.5639999999999998,-0.418,45904.64950365086,143.45657049914743,35.0692924332371,646018382.6667001,-5122048.0,1764
166,0.006255232518933828,460.57793515969075,16.230474761701124,46039.44034929153,2.0479999780654907,0.09999999999999998,-0.5639999999999998,-0.418,45907.72619379642,143.45657049914743,35.0692924332371,646018382.6667001,-5122048.0,1764
167,0.005878458403619824,460.57793515969075,15.975168348938034,46039.44034929153,2.0479999780654907,0.3,-0.5639999999999998,-0.418,45911.837347403074,143.45657049914743,35.0692924332371,646018382.6667001,-5122048.0,1764
168,0.004799459791973912,729.9668340323904,16.95098799477365,46039.44034929153,2.0479999780654907,-0.10000000000000003,-0.5639999999999998,-0.418,45895.77235229205,143.45657049914743,35.0692924332371,646018382.6667001,-5122048.0,1764
169,0.00491550329099586,729.9668340323904,16.822144997352797,46039.44034929153,2.0479999780654907,0.09999999999999998,-0.5639999999999998,-0.418,45897.94806813555,143.45657049914743,35.0692924332371,646018382.6667001,-5122048.0,1764
170,0.004900286295195783,729.9668340323904,16.59974854487275,46039.44034929153,2.0479999780654907,0.3,-0.5639999999999998,-0.418,45901.66452341503,143.45657049914743,35.0692924332371,646018382.6667001,-5122048.0,1764
171,0.00910606547521149,290.605030894529,15.723249509288161,46039.44034929153,2.0479999780654907,-0.10000000000000003,-0.5619999999999998,-0.418,45915.830061725865,143.35915336501387,35.00761386014019,646018382.6667001,-5122048.0,1764
172,0.00818658468299085,290.605030894529,15.510205301691045,46039.44034929153,2.0479999780654907,0.09999999999999998,-0.5619999999999998,-0.418,45919.15711504123,143.35915336501387,35.00761386014019,646018382.6667001,-5122048.0,1764
173,0.007253493469647777,290.605030894529,15.244716944538455,46039.44034929153,2.0479999780654907,0.3,-0.5619999999999998,-0.418,45923.23965193198,143.35915336501387,35.00761386014019,646018382.6667001,-5122048.0,1764
174,0.006605234800497072,460.57793515969075,16.67527289724293,46039.44034929153,2.0479999780654907,-0.10000000000000003,-0.5619999999999998,-0.418,45900.40798619277,143.35915336501387,35.00761386014019,646018382.6667001,-5122048.0,1764
175,0.006322982761898702,460.57793515969075,16.46008381179909,46039.44034929153,2.0479999780654907,0.09999999999999998,-0.5619999999999998,-0.418,45903.973169745805,143.35915336501387,35.00761386014019,646018382.6667001,-5122048.0,1764
176,0.005931497556265069,460.57793515969075,16.171897672873367,46039.44034929153,2.0479999780654907,0.3,-0.5619999999999998,-0.418,45908.67521212059,143.35915336501387,35.00761386014019,646018382.6667001,-5122048.0,1764
177,0.0048571169214946955,729.9668340323904,17.19942601813135,46039.44034929153,2.0479999780654907,-0.10000000000000003,-0.5619999999999998,-0.418,45891.53022161494,143.35915336501387,35.00761386014019,646018382.6667001,-5122048.0,1764
178,0.0049688277960954555,729.9668340323904,17.053414894801694,46039.44034929153,2.0479999780654907,0.09999999999999998,-0.5619999999999998,-0.418,45894.03086950441,143.35915336501387,35.00761386014019,646018382.6667001,-5122048.0,1764
179,0.00494609379192677,729.9668340323904,16.805506095934934,46039.44034929153,2.0479999780654907,0.3,-0.5619999999999998,-0.418,45898.22783172128,143.35915336501387,35.00761386014019,646018382.6667001,-5122048.0,1764
180,0.008772582169891055,290.605030894529,15.17828159701306,46039.44034929153,2.0479999780654907,-0.10000000000000003,-0.5599999999999998,-0.418,45924.25023317242,143.26128879809417,34.94592044279581,646018382.6667001,-5122048.0,1764
181,0.007873967659445969,290.605030894529,14.952469497211757,46039.44034929153,2.0479999780654907,0.09999999999999998,-0.5599999999999998,-0.418,45927.652177259006,143.26128879809417,34.94592044279581,646018382.6667001,-5122048.0,1764
182,0.006965148838333123,290.605030894529,14.677422866291481,46039.44034929153,2.0479999780654907,0.3,-0.5599999999999998,-0.418,45931.72697829356,143.26128879809417,34.94592044279581,646018382.6667001,-5122048.0,1764
183,0.006414979229944617,460.57793515969075,16.212996577340526,46039.44034929153,2.0479999780654907,-0.10000000000000003,-0.5599999999999998,-0.418,45908.0097202831,143.26128879809417,34.94592044279581,646018382.6667001,-5122048.0,1764
184,0.006126251132306119,460.57793515969075,15.970190639805645,46039.44034929153,2.0479999780654907,0.09999999999999998,-0.5599999999999998,-0.418,45911.91685475566,143.26128879809417,34.94592044279581,646018382.6667001,-5122048.0,1764
185,0.00573279090319109,460.57793515969075,15.65751046860514,46039.44034929153,2.0479999780654907,0.3,-0.5599999999999998,-0.418,45916.86153225429,143.26128879809417,34.94592044279581,646018382.6667001,-5122048.0,1764
186,0.00474689978686441,729.9668340323904,16.819651712722447,46039.44034929153,2.0479999780654907,-0.10000000000000003,-0.5599999999999998,-0.418,45897.990007422886,143.26128879809417,34.94592044279581,646018382.6667001,-5122048.0,1764
187,0.004842384794034792,729.9668340323904,16.633359661177693,46039.44034929153,2.0479999780654907,0.09999999999999998,-0.5599999999999998,-0.418,45901.10602248248,143.26128879809417,34.94592044279581,646018382.6667001,-5122048.0,1764
188,0.004805684853326221,729.9668340323904,16.347200305615804,46039.44034929153,2.0479999780654907,0.3,-0.5599999999999998,-0.418,45905.82487037557,143.26128879809417,34.94592044279581,646018382.6667001,-5122048.0,1764
189,0.00902939307826635,290.605030894529,15.668223440964923,46039.44034929153,2.0479999780654907,-0.10000000000000003,-0.5639999999999998,-0.416,45916.69373639353,143.58793559647603,35.02363117942681,646018382.6667001,-5122048.0,1764
190,0.00812682332463446,290.605030894529,15.479250376400383,46039.44034929153,2.0479999780654907,0.09999999999999998,-0.5639999999999998,-0.416,45919.636753183884,143.58793559647603,35.02363117942681,646018382.6667001,-5122048.0,1764
191,0.007209249465091725,290.605030894529,15.240518148827206,46039.44034929153,2.0479999780654907,0.3,-0.5639999999999998,-0.416,45923.303652569164,143.58793559647603,35.02363117942681,646018382.6667001,-5122048.0,1764
192,0.006553435024796704,460.57793515969075,16.602701344651816,46039.44034929153,2.0479999780654907,-0.10000000000000003,-0.5639999999999998,-0.416,45901.61550332168,143.58793559647603,35.02363117942681,646018382.6667001,-5122048.0,1764
193,0.006277264220195731,460.57793515969075,16.407297594563907,46039.44034929153,2.0479999780654907,0.09999999999999998,-0.5639999999999998,-0.416,45904.84064211324,143.58793559647603,35.02363117942681,646018382.6667001,-5122048.0,1764
194,0.005893357368372097,460.57793515969075,16.143193515850143,46039.44034929153,2.0479999780654907,0.3,-0.5639999999999998,-0.416,45909.13900084644,143.58793559647603,35.02363117942681,646018382.6667001,-5122048.0,1764
195,0.004825567941623043,729.9668340323904,17.127020062170796,46039.44034929153,2.0479999780654907,-0.10000000000000003,-0.5639999999999998,-0.416,45892.77294118653,143.58793559647603,35.02363117942681,646018382.6667001,-5122048.0,1764
196,0.0049375088603672256,729.9668340323904,16.995099783251195,46039.44034929153,2.0479999780654907,0.09999999999999998,-0.5639999999999998,-0.416,45895.0236409702,143.58793559647603,35.02363117942681,646018382.6667001,-5122048.0,1764
197,0.004916841570555689,729.9668340323904,16.766726258066377,46039.44034929153,2.0479999780654907,0.3,-0.5639999999999998,-0.416,45898.87879458506,143.58793559647603,35.02363117942681,646018382.6667001,-5122048.0,1764
198,0.009218394504334383,290.605030894529,16.003762909668836,46039.44034929153,2.0479999780654907,-0.10000000000000003,-0.5619999999999998,-0.416,45911.380135657084,143.49065455973607,34.96177855815247,646018382.6667001,-5122048.0,1764
199,0.008296203046336202,290.605030894529,15.802244855482012,46039.44034929153,2.0479999780654907,0.09999999999999998,-0.5619999999999998,-0.416,45914.584878055226,143.49065455973607,34.96177855815247,646018382.6667001,-5122048.0,1764
200,0.007359676596628932,290.605030894529,15.55049704145992,46039.44034929153,2.0479999780654907,0.3,-0.5619999999999998,-0.416,45918.5313701733,143.49065455973607,34.96177855815247,646018382.6667001,-5122048.0,1764
201,0.006675362918471084,460.57793515969075,16.93007384218963,46039.44034929153,2.0479999780654907,-0.10000000000000003,-0.5619999999999998,-0.416,45896.12664914053,143.49065455973607,34.96177855815247,646018382.6667001,-5122048.0,1764
202,0.00639547102218876,460.57793515969075,16.728462330692885,46039.44034929153,2.0479999780654907,0.09999999999999998,-0.5619999999999998,-0.416,45899.519623316824,143.49065455973607,34.96177855815247,646018382.6667001,-5122048.0,1764
203,0.006006219925718406,460.57793515969075,16.456246294448228,46039.44034929153,2.0479999780654907,0.3,-0.5619999999999998,-0.416,45904.03632823976,143.49065455973607,34.96177855815247,646018382.6667001,-5122048.0,1764
204,0.004903503391635885,729.9668340323904,17.425758011272055,46039.44034929153,2.0479999780654907,-0.10000000000000003,-0.5619999999999998,-0.416,45887.611828157824,143.49065455973607,34.96177855815247,646018382.6667001,-5122048.0,1764
205,0.005019794187203201,729.9668340323904,17.296571984644952,46039.44034929153,2.0479999780654907,0.09999999999999998,-0.5619999999999998,-0.416,45889.85464808153,143.49065455973607,34.96177855815247,646018382.6667001,-5122048.0,1764
206,0.005001761770555662,729.9668340323904,17.06781374912264,46039.44034929153,2.0479999780654907,0.3,-0.5619999999999998,-0.416,45893.78521620416,143.49065455973607,34.96177855815247,646018382.6667001,-5122048.0,1764
207,0.008930219165456171,290.605030894529,15.553209591703247,46039.44034929153,2.0479999780654907,-0.10000000000000003,-0.5599999999999998,-0.416,45918.489184989805,143.3929251873925,34.89991046258828,646018382.6667001,-5122048.0,1764
208,0.008025336911981628,290.605030894529,15.338180158334382,46039.44034929153,2.0479999780654907,0.09999999999999998,-0.5599999999999998,-0.416,45921.81046400677,143.3929251873925,34.89991046258828,646018382.6667001,-5122048.0,1764
209,0.007109195477804101,290.605030894529,15.075173168466275,46039.44034929153,2.0479999780654907,0.3,-0.5599999999999998,-0.416,45925.80992626191,143.3929251873925,34.89991046258828,646018382.6667001,-5122048.0,1764
210,0.006512183699356792,460.57793515969075,16.549739531389356,46039.44034929153,2.0479999780654907,-0.10000000000000003,-0.5599999999999998,-0.416,45902.493410013114,143.3929251873925,34.89991046258828,646018382.6667001,-5122048.0,1764
211,0.006225706569641412,460.57793515969075,16.322380724752566,46039.44034929153,2.0479999780654907,0.09999999999999998,-0.5599999999999998,-0.416,45906.23029302964,143.3929251873925,34.89991046258828,646018382.6667001,-5122048.0,1764
212,0.005833870244086605,460.57793515969075,16.026559144258893,46039.44034929153,2.0479999780654907,0.3,-0.5599999999999998,-0.416,45911.015050289316,143.3929251873925,34.89991046258828,646018382.6667001,-5122048.0,1764
213,0.004810650121910585,729.9668340323904,17.115178559369504,46039.44034929153,2.0479999780654907,-0.10000000000000003,-0.5599999999999998,-0.416,45892.97568073198,143.3929251873925,34.89991046258828,646018382.6667001,-5122048.0,1764
214,0.0049119379359177625,729.9668340323904,16.94983255759058,46039.44034929153,2.0479999780654907,0.09999999999999998,-0.5599999999999998,-0.416,45895.79193742635,143.3929251873925,34.89991046258828,646018382.6667001,-5122048.0,1764
215,0.004880768683798675,729.9668340323904,16.68600733340418,46039.44034929153,2.0479999780654907,0.3,-0.5599999999999998,-0.416,45900.22892892632,143.3929251873925,34.89991046258828,646018382.6667001,-5122048.0,1764
216,0.008872564732525286,290.605030894529,15.456493788596442,46039.44034929153,2.0479999780654907,-0.10000000000000003,-0.5639999999999998,-0.414,45919.98874917307,143.71974650623733,34.97806105744946,646018382.6667001,-5122048.0,1764
217,0.007975315433543347,290.605030894529,15.250959973255407,46039.44034929153,2.0479999780654907,0.09999999999999998,-0.5639999999999998,-0.414,45923.14445923861,143.71974650623733,34.97806105744946,646018382.6667001,-5122048.0,1764
218,0.007065685564266639,290.605030894529,14.997309207815402,46039.44034929153,2.0479999780654907,0.3,-0.5639999999999998,-0.414,45926.98070755412,143.71974650623733,34.97806105744946,646018382.6667001,-5122048.0,1764
219,0.006466098935458367,460.57793515969075,16.439653219741956,46039.44034929153,2.0479999780654907,-0.10000000000000003,-0.5639999999999998,-0.414,45904.309250298844,143.71974650623733,34.97806105744946,646018382.6667001,-5122048.0,1764
220,0.0061838032029442,460.57793515969075,16.221715015734357,46039.44034929153,2.0479999780654907,0.09999999999999998,-0.5639999999999998,-0.414,45907.86833026568,143.71974650623733,34.97806105744946,646018382.6667001,-5122048.0,1764
221,0.005796006471273606,460.57793515969075,15.93587519255377,46039.44034929153,2.0479999780654907,0.3,-0.5639999999999998,-0.414,45912.464290215205,143.71974650623733,34.97806105744946,646018382.6667001,-5122048.0,1764
222,0.00477547613433035,729.9668340323904,17.001887342824492,46039.44034929153,2.0479999780654907,-0.10000000000000003,-0.5639999999999998,-0.414,45894.90826268248,143.71974650623733,34.97806105744946,646018382.6667001,-5122048.0,1764
223,0.004877715491071597,729.9668340323904,16.843936657154106,46039.44034929153,2.0479999780654907,0.09999999999999998,-0.5639999999999998,-0.414,45897.58124823642,143.71974650623733,34.97806105744946,646018382.6667001,-5122048.0,1764
224,0.004848182839662146,729.9668340323904,16.58906552056329,46039.44034929153,2.0479999780654907,0.3,-0.5639999999999998,-0.414,45901.84180186876,143.71974650623733,34.97806105744946,646018382.6667001,-5122048.0,1764
225,0.009160566962357456,290.605030894529,15.925043536861109,46039.44034929153,2.0479999780654907,-0.10000000000000003,-0.5619999999999998,-0.414,45912.63684346607,143.6226040879193,34.91603430122433,646018382.6667001,-5122048.0,1764
226,0.008241934318219494,290.605030894529,15.724900345217476,46039.44034929153,2.0479999780654907,0.09999999999999998,-0.5619999999999998,-0.414,45915.80410385802,143.6226040879193,34.91603430122433,646018382.6667001,-5122048.0,1764
227,0.007309772062402922,290.605030894529,15.47613806220363,46039.44034929153,2.0479999780654907,0.3,-0.5619999999999998,-0.414,45919.684924631336,143.6226040879193,34.91603430122433,646018382.6667001,-5122048.0,1764
228,0.006643281500519906,460.57793515969075,16.866218427081133,46039.44034929153,2.0479999780654907,-0.10000000000000003,-0.5619999999999998,-0.414,45897.205687276524,143.6226040879193,34.91603430122433,646018382.6667001,-5122048.0,1764
229,0.006362110813571727,460.57793515969075,16.66249235279437,46039.44034929153,2.0479999780654907,0.09999999999999998,-0.5619999999999998,-0.414,45900.621023588064,143.6226040879193,34.91603430122433,646018382.6667001,-5122048.0,1764
230,0.0059724961408017625,460.57793515969075,16.38978993626712,46039.44034929153,2.0479999780654907,0.3,-0.5619999999999998,-0.414,45905.12774221405,143.6226040879193,34.91603430122433,646018382.6667001,-5122048.0,1764
231,0.004885012917579648,729.9668340323904,17.373958503840853,46039.44034929153,2.0479999780654907,-0.10000000000000003,-0.5619999999999998,-0.414,45888.51313224494,143.6226040879193,34.91603430122433,646018382.6667001,-5122048.0,1764
232,0.004998520801069135,729.9668340323904,17.240446524912162,46039.44034929153,2.0479999780654907,0.09999999999999998,-0.5619999999999998,-0.414,45890.82385110235,143.6226040879193,34.91603430122433,646018382.6667001,-5122048.0,1764
233,0.004978065250711422,729.9668340323904,17.008778271846836,46039.44034929153,2.0479999780654907,0.3,-0.5619999999999998,-0.414,45894.791080141105,143.6226040879193,34.91603430122433,646018382.6667001,-5122048.0,1764
234,0.009121163934528102,290.605030894529,15.87847157786865,46039.44034929153,2.0479999780654907,-0.10000000000000003,-0.5599999999999998,-0.414,45913.37741946694,143.52501244403584,34.85399143662743,646018382.6667001,-5122048.0,1764
235,0.008203888317868016,290.605030894529,15.67141295167006,46039.44034929153,2.0479999780654907,0.09999999999999998,-0.5599999999999998,-0.414,45916.643757340644,143.52501244403584,34.85399143662743,646018382.6667001,-5122048.0,1764
236,0.00727322366544703,290.605030894529,15.414872008755728,46039.44034929153,2.0479999780654907,0.3,-0.5599999999999998,-0.414,45920.63120976837,143.52501244403584,34.85399143662743,646018382.6667001,-5122048.0,1764
237,0.006622694156796117,460.57793515969075,16.835132529333436,46039.44034929153,2.0479999780654907,-0.10000000000000003,-0.5599999999999998,-0.414,45897.72950565142,143.52501244403584,34.85399143662743,646018382.6667001,-5122048.0,1764
238,0.006339602970794609,460.57793515969075,16.62300254291965,46039.44034929153,2.0479999780654907,0.09999999999999998,-0.5599999999999998,-0.414,45901.27824252057,143.52501244403584,34.85399143662743,646018382.6667001,-5122048.0,1764
239,0.005948365323110798,460.57793515969075,16.34103522321277,46039.44034929153,2.0479999780654907,0.3,-0.5599999999999998,-0.414,45905.92563320839,143.52501244403584,34.85399143662743,646018382.6667001,-5122048.0,1764
240,0.004875091831147297,729.9668340323904,17.356891538831373,46039.44034929153,2.0479999780654907,-0.10000000000000003,-0.5599999999999998,-0.414,45888.80950734615,143.52501244403584,34.85399143662743,646018382.6667001,-5122048.0,1764
241,0.004985584549628724,729.9668340323904,17.21362699229211,46039.44034929153,2.0479999780654907,0.09999999999999998,-0.5599999999999998,-0.414,45891.285872176646,143.52501244403584,34.85399143662743,646018382.6667001,-5122048.0,1764
242,0.004962176364435573,729.9668340323904,16.971143162642484,46039.44034929153,2.0479999780654907,0.3,-0.5599999999999998,-0.414,45895.43049916808,143.52501244403584,34.85399143662743,646018382.6667001,-5122048.0,1764
243,0.005807522192793584,579.833266684221,17.320052674261913,46039.44034929153,2.0479999780654907,-0.20000000000000004,-0.5629999999999998,-0.417,45889.448236971926,143.47357850496076,35.01556964118684,646018382.6667001,-5122048.0,1764
244,0.005834064865065007,579.833266684221,17.27475491749223,46039.44034929153,2.0479999780654907,-0.10000000000000003,-0.5629999999999998,-0.417,45890.23177056182,143.47357850496076,35.01556964118684,646018382.6667001,-5122048.0,1764
245,0.00583195190630428,579.833266684221,17.2127341978308,46039.44034929153,2.0479999780654907,-2.7755575615628914e-17,-0.5629999999999998,-0.417,45891.30124000894,143.47357850496076,35.01556964118684,646018382.6667001,-5122048.0,1764
246,0.004874201211621378,729.9668340323904,17.459555742521733,46039.44034929153,2.0479999780654907,-0.20000000000000004,-0.5629999999999998,-0.417,45887.02230592842,143.47357850496076,35.01556964118684,646018382.6667001,-5122048.0,1764
247,0.004985891276660145,729.9668340323904,17.44181599578816,46039.44034929153,2.0479999780654907,-0.10000000000000003,-0.5629999999999998,-0.417,45887.331876676064,143.47357850496076,35.01556964118684,646018382.6667001,-5122048.0,1764
248,0.0050713735143675664,729.9668340323904,17.405033901769006,46039.44034929153,2.0479999780654907,-2.7755575615628914e-17,-0.5629999999999998,-0.417,45887.972746730666,143.47357850496076,35.01556964118684,646018382.6667001,-5122048.0,1764
249,0.004102761279236519,918.9737971303117,17.499716277074672,46039.44034929153,2.0479999780654907,-0.20000000000000004,-0.5629999999999998,-0.417,45886.320314402474,143.47357850496076,35.01556964118684,646018382.6667001,-5122048.0,1764
250,0.004274743694104367,918.9737971303117,17.515954380438536,46039.44034929153,2.0479999780654907,-0.10000000000000003,-0.5629999999999998,-0.417,45886.03602036273,143.47357850496076,35.01556964118684,646018382.6667001,-5122048.0,1764
251,0.004425463158315116,918.9737971303117,17.511243393588554,46039.44034929153,2.0479999780654907,-2.7755575615628914e-17,-0.5629999999999998,-0.417,45886.11852669678,143.47357850496076,35.01556964118684,646018382.6667001,-5122048.0,1764
252,0.005761007169943231,579.833266684221,17.315048834036286,46039.44034929153,2.0479999780654907,-0.20000000000000004,-0.5619999999999998,-0.417,45889.534891229,143.42484797681746,34.9846849019495,646018382.6667001,-5122048.0,1764
253,0.005781432480489765,579.833266684221,17.25970792963469,46039.44034929153,2.0479999780654907,-0.10000000000000003,-0.5619999999999998,-0.417,45890.49159038338,143.42484797681746,34.9846849019495,646018382.6667001,-5122048.0,1764
254,0.005773143615817074,579.833266684221,17.18702926939973,46039.44034929153,2.0479999780654907,-2.7755575615628914e-17,-0.5619999999999998,-0.417,45891.74336173793,143.42484797681746,34.9846849019495,646018382.6667001,-5122048.0,1764
255,0.004844801757859714,729.9668340323904,17.4690795328953,46039.44034929153,2.0479999780654907,-0.20000000000000004,-0.5619999999999998,-0.417,45886.85597942822,143.42484797681746,34.9846849019495,646018382.6667001,-5122048.0,1764
256,0.004950629996791039,729.9668340323904,17.44142578032906,46039.44034929153,2.0479999780654907,-0.10000000000000003,-0.5619999999999998,-0.417,45887.338682666166,143.42484797681746,34.9846849019495,646018382.6667001,-5122048.0,1764
257,0.005029882658736535,729.9668340323904,17.39386502098963,46039.44034929153,2.0479999780654907,-2.7755575615628914e-17,-0.5619999999999998,-0.417,45888.16707910733,143.42484797681746,34.9846849019495,646018382.6667001,-5122048.0,1764
258,0.004084906371128925,918.9737971303117,17.520900164460993,46039.44034929153,2.0479999780654907,-0.20000000000000004,-0.5619999999999998,-0.417,45885.949378005025,143.42484797681746,34.9846849019495,646018382.6667001,-5122048.0,1764
259,0.004251701529361971,918.9737971303117,17.52773887367241,46039.44034929153,2.0479999780654907,-0.10000000000000003,-0.5619999999999998,-0.417,45885.82953427971,143.42484797681746,34.9846849019495,646018382.6667001,-5122048.0,1764
260,0.004396622393446314,918.9737971303117,17.512499141346307,46039.44034929153,2.0479999780654907,-2.7755575615628914e-17,-0.5619999999999998,-0.417,45886.0965362037,143.42484797681746,34.9846849019495,646018382.6667001,-5122048.0,1764
261,0.005770127279827448,579.833266684221,17.246587874826215,46039.44034929153,2.0479999780654907,-0.20000000000000004,-0.5609999999999998,-0.417,45890.71795262948,143.37600547742667,34.95379637289283,646018382.6667001,-5122048.0,1764
262,0.005792146742990183,579.833266684221,17.18945068604156,46039.44034929153,2.0479999780654907,-0.10000000000000003,-0.5609999999999998,-0.417,45891.7017418476,143.37600547742667,34.95379637289283,646018382.6667001,-5122048.0,1764
263,0.00578554512695971,579.833266684221,17.115173538995936,46039.44034929153,2.0479999780654907,-2.7755575615628914e-17,-0.5609999999999998,-0.417,45892.97576665656,143.37600547742667,34.95379637289283,646018382.6667001,-5122048.0,1764
264,0.00484887750921982,729.9668340323904,17.403265776533836,46039.44034929153,2.0479999780654907,-0.20000000000000004,-0.5609999999999998,-0.417,45888.00351944719,143.37600547742667,34.95379637289283,646018382.6667001,-5122048.0,1764
265,0.004956209845514899,729.9668340323904,17.373526019457447,46039.44034929153,2.0479999780654907,-0.10000000000000003,-0.5609999999999998,-0.417,45888.52064611715,143.37600547742667,34.95379637289283,646018382.6667001,-5122048.0,1764
266,0.005037158158600716,729.9668340323904,17.324114268616594,46039.44034929153,2.0479999780654907,-2.7755575615628914e-17,-0.5609999999999998,-0.417,45889.37788169549,143.37600547742667,34.95379637289283,646018382.6667001,-5122048.0,1764
267,0.004085632310468819,918.9737971303117,17.45750588084742,46039.44034929153,2.0479999780654907,-0.20000000000000004,-0.5609999999999998,-0.417,45887.05809350162,143.37600547742667,34.95379637289283,646018382.6667001,-5122048.0,1764
268,0.004253665278325734,918.9737971303117,17.461883519377103,46039.44034929153,2.0479999780654907,-0.10000000000000003,-0.5609999999999998,-0.417,45886.98166126938,143.37600547742667,34.95379637289283,646018382.6667001,-5122048.0,1764
269,0.004400093142151048,918.9737971303117,17.444463141201663,46039.44034929153,2.0479999780654907,-2.7755575615628914e-17,-0.5609999999999998,-0.417,45887.28570214916,143.37600547742667,34.95379637289283,646018382.6667001,-5122048.0,1764
270,0.005747486047062111,579.833266684221,17.279411032553135,46039.44034929153,2.0479999780654907,-0.20000000000000004,-0.5629999999999998,-0.416,45890.15132647557,143.53935096219092,34.992706854455854,646018382.6667001,-5122048.0,1764
271,0.005768286651014854,579.833266684221,17.22753786695355,46039.44034929153,2.0479999780654907,-0.10000000000000003,-0.5629999999999998,-0.416,45891.04631881287,143.53935096219092,34.992706854455854,646018382.6667001,-5122048.0,1764
272,0.0057605490951352385,579.833266684221,17.158880836748835,46039.44034929153,2.0479999780654907,-2.7755575615628914e-17,-0.5629999999999998,-0.416,45892.22675350666,143.53935096219092,34.992706854455854,646018382.6667001,-5122048.0,1764
273,0.0048349168786533565,729.9668340323904,17.43410814187685,46039.44034929153,2.0479999780654907,-0.20000000000000004,-0.5629999999999998,-0.416,45887.4662859402,143.53935096219092,34.992706854455854,646018382.6667001,-5122048.0,1764
274,0.00494070870891722,729.9668340323904,17.409256407981342,46039.44034929153,2.0479999780654907,-0.10000000000000003,-0.5629999999999998,-0.416,45887.89924495211,143.53935096219092,34.992706854455854,646018382.6667001,-5122048.0,1764
275,0.005020075040343776,729.9668340323904,17.365084268774346,46039.44034929153,2.0479999780654907,-2.7755575615628914e-17,-0.5629999999999998,-0.416,45888.66727346071,143.53935096219092,34.992706854455854,646018382.6667001,-5122048.0,1764
276,0.004077780395733366,918.9737971303117,17.48740292211446,46039.44034929153,2.0479999780654907,-0.20000000000000004,-0.5629999999999998,-0.416,45886.53571881134,143.53935096219092,34.992706854455854,646018382.6667001,-5122048.0,1764
277,0.004244324652904178,918.9737971303117,17.496446186327823,46039.44034929153,2.0479999780654907,-0.10000000000000003,-0.5629999999999998,-0.416,45886.377534716,143.53935096219092,34.992706854455854,646018382.6667001,-5122048.0,1764
278,0.004389105344115039,918.9737971303117,17.484008938955306,46039.44034929153,2.0479999780654907,-2.7755575615628914e-17,-0.5629999999999998,-0.416,45886.595065002795,143.53935096219092,34.992706854455854,646018382.6667001,-5122048.0,1764
279,0.005698188065837103,579.833266684221,17.2913876530399,46039.44034929153,2.0479999780654907,-0.20000000000000004,-0.5619999999999998,-0.416,45889.94430580768,143.49065455973607,34.96177855815247,646018382.6667001,-5122048.0,1764
280,0.0057131866161262,579.833266684221,17.23099767714155,46039.44034929153,2.0479999780654907,-0.10000000000000003,-0.5619999999999998,-0.416,45890.9867088167,143.49065455973607,34.96177855815247,646018382.6667001,-5122048.0,1764
281,0.005699688199600492,579.833266684221,17.15337776773399,46039.44034929153,2.0479999780654907,-2.7755575615628914e-17,-0.5619999999999998,-0.416,45892.321164870234,143.49065455973607,34.96177855815247,646018382.6667001,-5122048.0,1764
282,0.004803464924210794,729.9668340323904,17.459120530315918,46039.44034929153,2.0479999780654907,-0.20000000000000004,-0.5619999999999998,-0.416,45887.02990444548,143.49065455973607,34.96177855815247,646018382.6667001,-5122048.0,1764
283,0.004903503391635885,729.9668340323904,17.425758011272055,46039.44034929153,2.0479999780654907,-0.10000000000000003,-0.5619999999999998,-0.416,45887.611828157824,143.49065455973607,34.96177855815247,646018382.6667001,-5122048.0,1764
284,0.004976837604978258,729.9668340323904,17.37238779218468,46039.44034929153,2.0479999780654907,-2.7755575615628914e-17,-0.5619999999999998,-0.416,45888.540420490506,143.49065455973607,34.96177855815247,646018382.6667001,-5122048.0,1764
285,0.0040585696044752335,918.9737971303117,17.52300764235534,46039.44034929153,2.0479999780654907,-0.20000000000000004,-0.5619999999999998,-0.416,45885.91245087451,143.49065455973607,34.96177855815247,646018382.6667001,-5122048.0,1764
286,0.004219913081251646,918.9737971303117,17.52395015798987,46039.44034929153,2.0479999780654907,-0.10000000000000003,-0.5619999999999998,-0.416,45885.89593472167,143.49065455973607,34.96177855815247,646018382.6667001,-5122048.0,1764
287,0.0043589484427955716,918.9737971303117,17.50245793305502,46039.44034929153,2.0479999780654907,-2.7755575615628914e-17,-0.5619999999999998,-0.416,45886.27233244235,143.49065455973607,34.96177855815247,646018382.6667001,-5122048.0,1764
288,0.005703664690438345,579.833266684221,17.295090196831534,46039.44034929153,2.0479999780654907,-0.20000000000000004,-0.5609999999999998,-0.416,45889.88027683326,143.4418460735812,34.93084639314781,646018382.6667001,-5122048.0,1764
289,0.0057191465084618235,579.833266684221,17.233527051927293,46039.44034929153,2.0479999780654907,-0.10000000000000003,-0.5609999999999998,-0.416,45890.943121966775,143.4418460735812,34.93084639314781,646018382.6667001,-5122048.0,1764
290,0.005706121799907339,579.833266684221,17.154603849986742,46039.44034929153,2.0479999780654907,-2.7755575615628914e-17,-0.5609999999999998,-0.416,45892.30013266654,143.4418460735812,34.93084639314781,646018382.6667001,-5122048.0,1764
291,0.004805928566055405,729.9668340323904,17.46100511695907,46039.44034929153,2.0479999780654907,-0.20000000000000004,-0.5609999999999998,-0.416,45886.996999444294,143.4418460735812,34.93084639314781,646018382.6667001,-5122048.0,1764
292,0.0049064527106911435,729.9668340323904,17.42664336463326,46039.44034929153,2.0479999780654907,-0.10000000000000003,-0.5609999999999998,-0.416,45887.59639981247,143.4418460735812,34.93084639314781,646018382.6667001,-5122048.0,1764
293,0.004980316317365697,729.9668340323904,17.372174237711402,46039.44034929153,2.0479999780654907,-2.7755575615628914e-17,-0.5609999999999998,-0.416,45888.54413041883,143.4418460735812,34.93084639314781,646018382.6667001,-5122048.0,1764
294,0.004059142458797455,918.9737971303117,17.523094059466565,46039.44034929153,2.0479999780654907,-0.20000000000000004,-0.5609999999999998,-0.416,45885.91093658307,143.4418460735812,34.93084639314781,646018382.6667001,-5122048.0,1764
295,0.0042208635809871265,918.9737971303117,17.523120518486156,46039.44034929153,2.0479999780654907,-0.10000000000000003,-0.5609999999999998,-0.416,45885.910472938835,143.4418460735812,34.93084639314781,646018382.6667001,-5122048.0,1764
296,0.0043603588638756385,918.9737971303117,17.50064863167318,46039.44034929153,2.0479999780654907,-2.7755575615628914e-17,-0.5609999999999998,-0.416,45886.30399802689,143.4418460735812,34.93084639314781,646018382.6667001,-5122048.0,1764
297,0.005792644690508895,579.833266684221,17.346852620700197,46039.44034929153,2.0479999780654907,-0.20000000000000004,-0.5629999999999998,-0.415,45888.98370136938,143.60523518745683,34.96986683988181,646018382.6667001,-5122048.0,1764
298,0.005816610326819884,579.833266684221,17.29763179495304,46039.44034929153,2.0479999780654907,-0.10000000000000003,-0.5629999999999998,-0.415,45889.836316434645,143.60523518745683,34.96986683988181,646018382.6667001,-5122048.0,1764
299,0.005811971457095329,579.833266684221,17.23173421375844,46039.44034929153,2.0479999780654907,-2.7755575615628914e-17,-0.5629999999999998,-0.415,45890.97401728472,143.60523518745683,34.96986683988181,646018382.6667001,-5122048.0,1764
300,0.004865766774690562,729.9668340323904,17.49114656672795,46039.44034929153,2.0479999780654907,-0.20000000000000004,-0.5629999999999998,-0.415,45886.47024518215,143.60523518745683,34.96986683988181,646018382.6667001,-5122048.0,1764
301,0.004975007182228744,729.9668340323904,17.469588234495895,46039.44034929153,2.0479999780654907,-0.10000000000000003,-0.5629999999999998,-0.415,45886.84709275011,143.60523518745683,34.96986683988181,646018382.6667001,-5122048.0,1764
302,0.005057943792268677,729.9668340323904,17.428900409070526,46039.44034929153,2.0479999780654907,-2.7755575615628914e-17,-0.5629999999999998,-0.415,45887.55706455688,143.60523518745683,34.96986683988181,646018382.6667001,-5122048.0,1764
303,0.004098553784434026,918.9737971303117,17.53443592651097,46039.44034929153,2.0479999780654907,-0.20000000000000004,-0.5629999999999998,-0.415,45885.71212766107,143.60523518745683,34.96986683988181,646018382.6667001,-5122048.0,1764
304,0.004268396881766106,918.9737971303117,17.547185160049757,46039.44034929153,2.0479999780654907,-0.10000000000000003,-0.5629999999999998,-0.415,45885.488495770995,143.60523518745683,34.96986683988181,646018382.6667001,-5122048.0,1764
305,0.004416762221525202,918.9737971303117,17.53875623030386,46039.44034929153,2.0479999780654907,-2.7755575615628914e-17,-0.5629999999999998,-0.415,45885.63636423852,143.60523518745683,34.96986683988181,646018382.6667001,-5122048.0,1764
306,0.0057463402784753955,579.833266684221,17.422872540010683,46039.44034929153,2.0479999780654907,-0.20000000000000004,-0.5619999999999998,-0.415,45887.6621055188,143.55657322622082,34.93889497553968,646018382.6667001,-5122048.0,1764
307,0.005764167714206699,579.833266684221,17.367384803744848,46039.44034929153,2.0479999780654907,-0.10000000000000003,-0.5619999999999998,-0.415,45888.627321830856,143.55657322622082,34.93889497553968,646018382.6667001,-5122048.0,1764
308,0.0057533236968007745,579.833266684221,17.294618704963785,46039.44034929153,2.0479999780654907,-2.7755575615628914e-17,-0.5619999999999998,-0.415,45889.88843121649,143.55657322622082,34.93889497553968,646018382.6667001,-5122048.0,1764
309,0.004837258035639793,729.9668340323904,17.575083896088834,46039.44034929153,2.0479999780654907,-0.20000000000000004,-0.5619999999999998,-0.415,45884.99856231425,143.55657322622082,34.93889497553968,646018382.6667001,-5122048.0,1764
310,0.0049405155492348715,729.9668340323904,17.54760089947745,46039.44034929153,2.0479999780654907,-0.10000000000000003,-0.5619999999999998,-0.415,45885.48120062786,143.55657322622082,34.93889497553968,646018382.6667001,-5122048.0,1764
311,0.005017075054403142,729.9668340323904,17.50016885673379,46039.44034929153,2.0479999780654907,-2.7755575615628914e-17,-0.5619999999999998,-0.415,45886.31239428443,143.55657322622082,34.93889497553968,646018382.6667001,-5122048.0,1764
312,0.004082218748341079,918.9737971303117,17.624284429264208,46039.44034929153,2.0479999780654907,-0.20000000000000004,-0.5619999999999998,-0.415,45884.13264846973,143.55657322622082,34.93889497553968,646018382.6667001,-5122048.0,1764
313,0.004246741223598064,918.9737971303117,17.63182610233059,46039.44034929153,2.0479999780654907,-0.10000000000000003,-0.5619999999999998,-0.415,45883.99970344012,143.55657322622082,34.93889497553968,646018382.6667001,-5122048.0,1764
314,0.004389122279148381,918.9737971303117,17.617127597321847,46039.44034929153,2.0479999780654907,-2.7755575615628914e-17,-0.5619999999999998,-0.415,45884.25875690137,143.55657322622082,34.93889497553968,646018382.6667001,-5122048.0,1764
315,0.0058169933036301864,579.833266684221,17.432216349919177,46039.44034929153,2.0479999780654907,-0.20000000000000004,-0.5609999999999998,-0.415,45887.499265856335,143.5077990696357,34.90791916336188,646018382.6667001,-5122048.0,1764
316,0.005840502748040513,579.833266684221,17.3812235943489,46039.44034929153,2.0479999780654907,-0.10000000000000003,-0.5609999999999998,-0.415,45888.386882473154,143.5077990696357,34.90791916336188,646018382.6667001,-5122048.0,1764
317,0.00583532960212392,579.833266684221,17.313393764762598,46039.44034929153,2.0479999780654907,-2.7755575615628914e-17,-0.5609999999999998,-0.415,45889.56354746467,143.5077990696357,34.90791916336188,646018382.6667001,-5122048.0,1764
318,0.004886330201918484,729.9668340323904,17.57476414330963,46039.44034929153,2.0479999780654907,-0.20000000000000004,-0.5609999999999998,-0.415,45885.00418194505,143.5077990696357,34.90791916336188,646018382.6667001,-5122048.0,1764
319,0.004995559435637154,729.9668340323904,17.55197383161772,46039.44034929153,2.0479999780654907,-0.10000000000000003,-0.5609999999999998,-0.415,45885.40445659863,143.5077990696357,34.90791916336188,646018382.6667001,-5122048.0,1764
320,0.005078375169188434,729.9668340323904,17.509819537581237,46039.44034929153,2.0479999780654907,-2.7755575615628914e-17,-0.5609999999999998,-0.415,45886.1434591722,143.5077990696357,34.90791916336188,646018382.6667001,-5122048.0,1764
321,0.004115818213622392,918.9737971303117,17.615113785797785,46039.44034929153,2.0479999780654907,-0.20000000000000004,-0.5609999999999998,-0.415,45884.29423244823,143.5077990696357,34.90791916336188,646018382.6667001,-5122048.0,1764
322,0.004286005746991239,918.9737971303117,17.627278539251087,46039.44034929153,2.0479999780654907,-0.10000000000000003,-0.5609999999999998,-0.415,45884.07987494136,143.5077990696357,34.90791916336188,646018382.6667001,-5122048.0,1764
323,0.004434594017984133,918.9737971303117,17.617956722666282,46039.44034929153,2.0479999780654907,-2.7755575615628914e-17,-0.5609999999999998,-0.415,45884.24414975066,143.5077990696357,34.90791916336188,646018382.6667001,-5122048.0,1764
