,A,Epeak,dur,gamma,imx,imy,nllh,phi,theta,time,timeID,bkg_nllh,TS,squareID
6,0.013109378099912049,460.57793515969075,1.0240000486373901,0.09999999999999998,1.122,-0.76,28219.484285090788,34.11221462759725,53.5758219746439,646018382.9226999,-2561024.0,28312.377048392118,13.630316452770272,3906
7,0.014283168746659422,460.57793515969075,1.0240000486373901,0.6,1.122,-0.76,28217.53804176234,34.11221462759725,53.5758219746439,646018382.9226999,-2561024.0,28312.377048392118,13.772364112945878,3906
8,0.01460498982827101,460.57793515969075,1.0240000486373901,1.1,1.122,-0.76,28218.165867257332,34.11221462759725,53.5758219746439,646018382.9226999,-2561024.0,28312.377048392118,13.7267025271757,3906
16,0.014193691956401367,460.57793515969075,1.0240000486373901,0.6,1.1260000000000001,-0.76,28219.70079063926,34.0176021014953,53.642649778530846,646018382.9226999,-2561024.0,28312.377048423918,13.614423071482436,3906
17,0.01456263037867356,460.57793515969075,1.0240000486373901,1.1,1.1260000000000001,-0.76,28220.208683061086,34.0176021014953,53.642649778530846,646018382.9226999,-2561024.0,28312.377048423918,13.577066351965106,3906
24,0.013052378552216103,460.57793515969075,1.0240000486373901,0.09999999999999998,1.1300000000000001,-0.76,28220.85453706174,33.9234502658317,53.70934046711661,646018382.9226999,-2561024.0,28312.377048421604,13.529413243734146,3906
25,0.014250372821431946,460.57793515969075,1.0240000486373901,0.6,1.1300000000000001,-0.76,28219.137385661426,33.9234502658317,53.70934046711661,646018382.9226999,-2561024.0,28312.377048421604,13.655743316288385,3906
26,0.0146751183057522,460.57793515969075,1.0240000486373901,1.1,1.1300000000000001,-0.76,28219.291824322525,33.9234502658317,53.70934046711661,646018382.9226999,-2561024.0,28312.377048421604,13.64442920015923,3906
33,0.013063367787061436,460.57793515969075,1.0240000486373901,0.09999999999999998,1.1340000000000001,-0.76,28220.71643428468,33.829756268746124,53.77589362096368,646018382.9226999,-2561024.0,28312.377048442744,13.539616992962781,3906
34,0.014216098678554624,460.57793515969075,1.0240000486373901,0.6,1.1340000000000001,-0.76,28219.772304484166,33.829756268746124,53.77589362096368,646018382.9226999,-2561024.0,28312.377048442744,13.60916925889146,3906
43,0.014150738566898878,460.57793515969075,1.0240000486373901,0.6,1.1380000000000001,-0.76,28220.249517293716,33.736517276252016,53.84230883382611,646018382.9226999,-2561024.0,28312.377048440383,13.574058431189032,3906
79,0.014129136357534055,460.57793515969075,1.0240000486373901,0.6,1.1540000000000001,-0.76,28219.86827374966,33.36805529490915,54.10658260214859,646018382.9226999,-2561024.0,28312.377048426795,13.602115620530144,3906
80,0.014494222900921738,460.57793515969075,1.0240000486373901,1.1,1.1540000000000001,-0.76,28220.798165043994,33.36805529490915,54.10658260214859,646018382.9226999,-2561024.0,28312.377048426795,13.533579229664339,3906
105,0.013056620532017085,460.57793515969075,1.0240000486373901,0.09999999999999998,1.124,-0.757,28219.9570203458,33.959775506992926,53.575382252090996,646018382.9226999,-2561024.0,28312.377048405335,13.595589583356507,3906
106,0.014202842439001344,460.57793515969075,1.0240000486373901,0.6,1.124,-0.757,28218.36534174216,33.959775506992926,53.575382252090996,646018382.9226999,-2561024.0,28312.377048405335,13.712162970383307,3906
107,0.01448451396650807,460.57793515969075,1.0240000486373901,1.1,1.124,-0.757,28219.61777231045,33.959775506992926,53.575382252090996,646018382.9226999,-2561024.0,28312.377048405335,13.620519527160955,3906
115,0.014197263233914239,460.57793515969075,1.0240000486373901,0.6,1.1280000000000001,-0.757,28219.59770963244,33.865533839964556,53.642331096353416,646018382.9226999,-2561024.0,28312.37704842464,13.621992423445471,3906
116,0.014589529526493656,460.57793515969075,1.0240000486373901,1.1,1.1280000000000001,-0.757,28219.983241068945,33.865533839964556,53.642331096353416,646018382.9226999,-2561024.0,28312.37704842464,13.593660828172556,3906
132,0.013094430688829782,460.57793515969075,1.0240000486373901,0.09999999999999998,1.1360000000000001,-0.757,28220.119146955927,33.67842677451194,53.775813007071086,646018382.9226999,-2561024.0,28312.377048431197,13.58365940939849,3906
133,0.014270340505762251,460.57793515969075,1.0240000486373901,0.6,1.1360000000000001,-0.757,28218.821929440124,33.67842677451194,53.775813007071086,646018382.9226999,-2561024.0,28312.377048431197,13.678824437141735,3906
134,0.01463963926142715,460.57793515969075,1.0240000486373901,1.1,1.1360000000000001,-0.757,28219.94459650259,33.67842677451194,53.775813007071086,646018382.9226999,-2561024.0,28312.377048431197,13.596503368778723,3906
159,0.013006002511579275,460.57793515969075,1.0240000486373901,0.09999999999999998,1.1480000000000001,-0.757,28220.89852755498,33.401164268960635,53.974990511924666,646018382.9226999,-2561024.0,28312.37704844033,13.526161383433957,3906
160,0.01414982809985513,460.57793515969075,1.0240000486373901,0.6,1.1480000000000001,-0.757,28219.90931616447,33.401164268960635,53.974990511924666,646018382.9226999,-2561024.0,28312.37704844033,13.599097931543694,3906
169,0.014142087537173756,460.57793515969075,1.0240000486373901,0.6,1.1520000000000001,-0.757,28220.20929916312,33.30963836332668,54.041102762814624,646018382.9226999,-2561024.0,28312.37704844116,13.577020975018046,3906
177,0.013008874977566708,460.57793515969075,1.0240000486373901,0.09999999999999998,1.1560000000000001,-0.757,28220.712870715077,33.218555296097,54.1070743051423,646018382.9226999,-2561024.0,28312.377048423255,13.53988018471202,3906
178,0.014183430190973633,460.57793515969075,1.0240000486373901,0.6,1.1560000000000001,-0.757,28219.184761295535,33.218555296097,54.1070743051423,646018382.9226999,-2561024.0,28312.377048423255,13.652273592901674,3906
179,0.014566450659024236,460.57793515969075,1.0240000486373901,1.1,1.1560000000000001,-0.757,28219.988203863933,33.218555296097,54.1070743051423,646018382.9226999,-2561024.0,28312.377048423255,13.593295741601594,3906
195,0.013113172808449798,460.57793515969075,1.0240000486373901,0.09999999999999998,1.1260000000000001,-0.754,28219.01083621201,33.8073325679619,53.575136298509314,646018382.9226999,-2561024.0,28312.377048391085,13.665007294478334,3906
196,0.01426868264130201,460.57793515969075,1.0240000486373901,0.6,1.1260000000000001,-0.754,28217.277076681217,33.8073325679619,53.575136298509314,646018382.9226999,-2561024.0,28312.377048391085,13.791299555144723,3906
197,0.014556165672863311,460.57793515969075,1.0240000486373901,1.1,1.1260000000000001,-0.754,28218.315206003794,33.8073325679619,53.575136298509314,646018382.9226999,-2561024.0,28312.377048391085,13.715818778861953,3906
205,0.014109269474847048,460.57793515969075,1.0240000486373901,0.6,1.1300000000000001,-0.754,28220.378563972234,33.71346310635084,53.6422051033727,646018382.9226999,-2561024.0,28312.37704843721,13.564548239066209,3906
210,0.03418259482489041,212.13203435596432,1.0240000486373901,0.09999999999999998,1.1340000000000001,-0.754,28219.973679096598,33.620052351649434,53.709134114029126,646018382.9226999,-2561024.0,28312.37704838768,13.594364221329485,3906
211,0.02737067344111615,212.13203435596432,1.0240000486373901,0.6,1.1340000000000001,-0.754,28220.391031860374,33.620052351649434,53.709134114029126,646018382.9226999,-2561024.0,28312.37704838768,13.563629051791837,3906
213,0.013221751052149669,460.57793515969075,1.0240000486373901,0.09999999999999998,1.1340000000000001,-0.754,28217.507969616603,33.620052351649434,53.709134114029126,646018382.9226999,-2561024.0,28312.37704838768,13.774547453261512,3906
214,0.014383812903058688,460.57793515969075,1.0240000486373901,0.6,1.1340000000000001,-0.754,28215.984560642664,33.620052351649434,53.709134114029126,646018382.9226999,-2561024.0,28312.37704838768,13.884702931284874,3906
215,0.014689905463561654,460.57793515969075,1.0240000486373901,1.1,1.1340000000000001,-0.754,28217.176724962752,33.620052351649434,53.709134114029126,646018382.9226999,-2561024.0,28312.37704838768,13.79857408755903,3906
222,0.012995714473599866,460.57793515969075,1.0240000486373901,0.09999999999999998,1.1380000000000001,-0.754,28220.862713171253,33.527097442687264,53.77592293497068,646018382.9226999,-2561024.0,28312.37704843043,13.528808909817355,3906
223,0.014098452505467384,460.57793515969075,1.0240000486373901,0.6,1.1380000000000001,-0.754,28219.935631969023,33.527097442687264,53.77592293497068,646018382.9226999,-2561024.0,28312.37704843043,13.597162679133197,3906
240,0.013051881994593515,460.57793515969075,1.0240000486373901,0.09999999999999998,1.1460000000000001,-0.754,28220.51097888573,33.342543808526855,53.909078490698136,646018382.9226999,-2561024.0,28312.37704843395,13.554782886363121,3906
241,0.014211797455304244,460.57793515969075,1.0240000486373901,0.6,1.1460000000000001,-0.754,28219.338167755635,33.342543808526855,53.909078490698136,646018382.9226999,-2561024.0,28312.37704843395,13.641032268733607,3906
242,0.014580709483607098,460.57793515969075,1.0240000486373901,1.1,1.1460000000000001,-0.754,28220.53297197638,33.342543808526855,53.909078490698136,646018382.9226999,-2561024.0,28312.37704843395,13.553160255643084,3906
267,0.013001425886388732,460.57793515969075,1.0240000486373901,0.09999999999999998,1.1580000000000001,-0.754,28220.889419857842,33.069061717509705,54.107751253908646,646018382.9226999,-2561024.0,28312.37704842319,13.526834704789449,3906
268,0.014157918466486343,460.57793515969075,1.0240000486373901,0.6,1.1580000000000001,-0.754,28219.423557450096,33.069061717509705,54.107751253908646,646018382.9226999,-2561024.0,28312.37704842319,13.634771063211419,3906
269,0.014493140988020415,460.57793515969075,1.0240000486373901,1.1,1.1580000000000001,-0.754,28220.461144146262,33.069061717509705,54.107751253908646,646018382.9226999,-2561024.0,28312.37704842319,13.55845892990261,3906
277,0.013992888167792183,460.57793515969075,1.0240000486373901,0.6,1.12,-0.751,28220.75265502975,33.84326443232794,53.44028698362625,646018382.9226999,-2561024.0,28312.37704842332,13.536941559567238,3906
286,0.01401057489889121,460.57793515969075,1.0240000486373901,0.6,1.124,-0.751,28220.70539284867,33.74884446423818,53.50775571520419,646018382.9226999,-2561024.0,28312.37704842682,13.540432458245158,3906
294,0.013073594794034086,460.57793515969075,1.0240000486373901,0.09999999999999998,1.1280000000000001,-0.751,28220.381592430036,33.65488796868567,53.57508412588547,646018382.9226999,-2561024.0,28312.377048421182,13.564324973336912,3906
295,0.014249044662652007,460.57793515969075,1.0240000486373901,0.6,1.1280000000000001,-0.751,28218.821920855935,33.65488796868567,53.57508412588547,646018382.9226999,-2561024.0,28312.377048421182,13.678825063962691,3906
296,0.014615983089736561,460.57793515969075,1.0240000486373901,1.1,1.1280000000000001,-0.751,28219.627686126223,33.65488796868567,53.57508412588547,646018382.9226999,-2561024.0,28312.377048421182,13.619791650018637,3906
300,0.03442955441181496,212.13203435596432,1.0240000486373901,0.09999999999999998,1.1320000000000001,-0.751,28218.316723844684,33.56139204311998,53.64227180570502,646018382.9226999,-2561024.0,28312.377048373233,13.715708113586352,3906
301,0.02756119719842863,212.13203435596432,1.0240000486373901,0.6,1.1320000000000001,-0.751,28218.67021539626,33.56139204311998,53.64227180570502,646018382.9226999,-2561024.0,28312.377048373233,13.689911101024125,3906
303,0.01327449449549805,460.57793515969075,1.0240000486373901,0.09999999999999998,1.1320000000000001,-0.751,28216.793334062128,33.56139204311998,53.64227180570502,646018382.9226999,-2561024.0,28312.377048373233,13.826330989174657,3906
304,0.014454644215790737,460.57793515969075,1.0240000486373901,0.6,1.1320000000000001,-0.751,28214.903871744482,33.56139204311998,53.64227180570502,646018382.9226999,-2561024.0,28312.377048373233,13.962319050125691,3906
305,0.01476269314727171,460.57793515969075,1.0240000486373901,1.1,1.1320000000000001,-0.751,28215.90076221759,33.56139204311998,53.64227180570502,646018382.9226999,-2561024.0,28312.377048373233,13.890736924702349,3906
312,0.013125418288307149,460.57793515969075,1.0240000486373901,0.09999999999999998,1.1360000000000001,-0.751,28219.318784772313,33.46835380356571,53.70931835802857,646018382.9226999,-2561024.0,28312.37704840284,13.642453124751881,3906
313,0.014313562750222266,460.57793515969075,1.0240000486373901,0.6,1.1360000000000001,-0.751,28217.504092428262,33.46835380356571,53.70931835802857,646018382.9226999,-2561024.0,28312.37704840284,13.77482892631172,3906
314,0.01467917135347016,460.57793515969075,1.0240000486373901,1.1,1.1360000000000001,-0.751,28218.072332547225,33.46835380356571,53.70931835802857,646018382.9226999,-2561024.0,28312.37704840284,13.733514907380021,3906
322,0.014061390632206136,460.57793515969075,1.0240000486373901,0.6,1.1400000000000001,-0.751,28221.018727534843,33.37577038455903,53.77622339936765,646018382.9226999,-2561024.0,28312.37704844894,13.517271981734785,3906
331,0.014117569813632854,460.57793515969075,1.0240000486373901,0.6,1.1440000000000001,-0.751,28220.301480261118,33.28363893908262,53.842986559196426,646018382.9226999,-2561024.0,28312.377048438288,13.570229782665418,3906
339,0.013019057063861084,460.57793515969075,1.0240000486373901,0.09999999999999998,1.1480000000000001,-0.751,28220.636372754016,33.19195663849903,53.90960747977032,646018382.9226999,-2561024.0,28312.377048418428,13.545528831641256,3906
340,0.014157986482586869,460.57793515969075,1.0240000486373901,0.6,1.1480000000000001,-0.751,28219.22911407041,33.19195663849903,53.90960747977032,646018382.9226999,-2561024.0,28312.377048418428,13.649024459500163,3906
341,0.0144465623579406,460.57793515969075,1.0240000486373901,1.1,1.1480000000000001,-0.751,28220.48535610415,33.19195663849903,53.90960747977032,646018382.9226999,-2561024.0,28312.377048418428,13.55667306637427,3906
366,0.012980066021118689,460.57793515969075,1.0240000486373901,0.09999999999999998,1.122,-0.748,28220.56747679755,33.690067525979785,53.440188991732256,646018382.9226999,-2561024.0,28312.377048413473,13.550614127479413,3906
367,0.01406023078701509,460.57793515969075,1.0240000486373901,0.6,1.122,-0.748,28219.549240850345,33.690067525979785,53.440188991732256,646018382.9226999,-2561024.0,28312.377048413473,13.625550085271996,3906
384,0.012992264247317191,460.57793515969075,1.0240000486373901,0.09999999999999998,1.1300000000000001,-0.748,28220.74876756379,33.502443867486804,53.57522573676216,646018382.9226999,-2561024.0,28312.37704842761,13.5372287314517,3906
385,0.014092499854194255,460.57793515969075,1.0240000486373901,0.6,1.1300000000000001,-0.748,28219.821734192323,33.502443867486804,53.57522573676216,646018382.9226999,-2561024.0,28312.37704842761,13.605536684400757,3906
394,0.014046624918761453,460.57793515969075,1.0240000486373901,0.6,1.1340000000000001,-0.748,28220.124808923603,33.40932279276569,53.6425312001123,646018382.9226999,-2561024.0,28312.377048423397,13.583242580458768,3906
403,0.014033881833768915,460.57793515969075,1.0240000486373901,0.6,1.1380000000000001,-0.748,28220.982913247033,33.31665836384983,53.709694206933236,646018382.9226999,-2561024.0,28312.37704844244,13.519921242034318,3906
430,0.01413043726441069,460.57793515969075,1.0240000486373901,0.6,1.1500000000000001,-0.748,28219.735564576058,33.04137634987121,53.91032483811048,646018382.9226999,-2561024.0,28312.37704842374,13.611868633489028,3906
431,0.014431665766143655,460.57793515969075,1.0240000486373901,1.1,1.1500000000000001,-0.748,28220.768536368072,33.04137634987121,53.91032483811048,646018382.9226999,-2561024.0,28312.37704842374,13.535768323642898,3906
439,0.014062892836328365,460.57793515969075,1.0240000486373901,0.6,1.1540000000000001,-0.748,28220.321807057087,32.950509994991805,53.97691443239718,646018382.9226999,-2561024.0,28312.377048430735,13.568731803204582,3906
448,0.01403392430884565,460.57793515969075,1.0240000486373901,0.6,1.1580000000000001,-0.748,28220.73773597788,32.860086123951675,54.04335984000967,646018382.9226999,-2561024.0,28312.377048444047,13.538043615394825,3906
453,0.03416763944554504,212.13203435596432,1.0240000486373901,0.09999999999999998,1.12,-0.745,28219.299960621116,33.63099973297476,53.37243577715113,646018382.9226999,-2561024.0,28312.377048361635,13.643832873538091,3906
454,0.027427658989484627,212.13203435596432,1.0240000486373901,0.6,1.12,-0.745,28218.687069377625,33.63099973297476,53.37243577715113,646018382.9226999,-2561024.0,28312.377048361635,13.688679920577435,3906
455,0.02111582559846951,212.13203435596432,1.0240000486373901,1.1,1.12,-0.745,28220.384837115118,33.63099973297476,53.37243577715113,646018382.9226999,-2561024.0,28312.377048361635,13.564085759572402,3906
456,0.013162997301038822,460.57793515969075,1.0240000486373901,0.09999999999999998,1.12,-0.745,28218.22323006604,33.63099973297476,53.37243577715113,646018382.9226999,-2561024.0,28312.377048361635,13.722522967413504,3906
457,0.014375816665729305,460.57793515969075,1.0240000486373901,0.6,1.12,-0.745,28215.602625965043,33.63099973297476,53.37243577715113,646018382.9226999,-2561024.0,28312.377048361635,13.91218332229653,3906
458,0.01472781261752126,460.57793515969075,1.0240000486373901,1.1,1.12,-0.745,28215.29951262665,33.63099973297476,53.37243577715113,646018382.9226999,-2561024.0,28312.377048361635,13.933953906553937,3906
466,0.014049207146048478,460.57793515969075,1.0240000486373901,0.6,1.124,-0.745,28219.84320995219,33.53687061963163,53.44028698362625,646018382.9226999,-2561024.0,28312.37704840972,13.603958134126243,3906
467,0.014285555343177466,460.57793515969075,1.0240000486373901,1.1,1.124,-0.745,28221.020747096107,33.53687061963163,53.44028698362625,646018382.9226999,-2561024.0,28312.37704840972,13.517122572027803,3906
489,0.03415613250668195,212.13203435596432,1.0240000486373901,0.09999999999999998,1.1360000000000001,-0.745,28219.400099208615,33.25725749762844,53.6429832740025,646018382.9226999,-2561024.0,28312.377048377275,13.636491423284818,3906
490,0.02735356792416847,212.13203435596432,1.0240000486373901,0.6,1.1360000000000001,-0.745,28219.631202656372,33.25725749762844,53.6429832740025,646018382.9226999,-2561024.0,28312.377048377275,13.619533451693796,3906
492,0.013194020126941607,460.57793515969075,1.0240000486373901,0.09999999999999998,1.1360000000000001,-0.745,28217.514073199527,33.25725749762844,53.6429832740025,646018382.9226999,-2561024.0,28312.377048377275,13.774104339502298,3906
493,0.01436560594456168,460.57793515969075,1.0240000486373901,0.6,1.1360000000000001,-0.745,28215.677395365587,33.25725749762844,53.6429832740025,646018382.9226999,-2561024.0,28312.377048377275,13.906807902008893,3906
494,0.014670476616801301,460.57793515969075,1.0240000486373901,1.1,1.1360000000000001,-0.745,28216.614041375444,33.25725749762844,53.6429832740025,646018382.9226999,-2561024.0,28312.377048377275,13.839292395338086,3906
498,0.03413778507779897,212.13203435596432,1.0240000486373901,0.09999999999999998,1.1400000000000001,-0.745,28220.606588678475,33.164968158991854,53.71026164256994,646018382.9226999,-2561024.0,28312.377048397277,13.547727463955137,3906
499,0.02739236971728963,212.13203435596432,1.0240000486373901,0.6,1.1400000000000001,-0.745,28220.80873269706,33.164968158991854,53.71026164256994,646018382.9226999,-2561024.0,28312.377048397277,13.53279835807929,3906
501,0.013180295428511917,460.57793515969075,1.0240000486373901,0.09999999999999998,1.1400000000000001,-0.745,28218.207821905664,33.164968158991854,53.71026164256994,646018382.9226999,-2561024.0,28312.377048397277,13.723645761357497,3906
502,0.014359596898092608,460.57793515969075,1.0240000486373901,0.6,1.1400000000000001,-0.745,28216.596423014867,33.164968158991854,53.71026164256994,646018382.9226999,-2561024.0,28312.377048397277,13.840565406254846,3906
503,0.014706249112386858,460.57793515969075,1.0240000486373901,1.1,1.1400000000000001,-0.745,28217.51247195235,33.164968158991854,53.71026164256994,646018382.9226999,-2561024.0,28312.377048397277,13.77422059101192,3906
510,0.013022781362423989,460.57793515969075,1.0240000486373901,0.09999999999999998,1.1440000000000001,-0.745,28220.307499349547,33.07313153341139,53.777395870592194,646018382.9226999,-2561024.0,28312.37704842718,13.569786223639213,3906
511,0.014140409019366557,460.57793515969075,1.0240000486373901,0.6,1.1440000000000001,-0.745,28219.359643418775,33.07313153341139,53.777395870592194,646018382.9226999,-2561024.0,28312.37704842718,13.639457834416005,3906
519,0.01309756639429863,460.57793515969075,1.0240000486373901,0.09999999999999998,1.1480000000000001,-0.745,28219.272311848385,32.98174476637802,53.84438561152428,646018382.9226999,-2561024.0,28312.37704841184,13.6458591934297,3906
520,0.01423773283556136,460.57793515969075,1.0240000486373901,0.6,1.1480000000000001,-0.745,28218.05034596139,32.98174476637802,53.84438561152428,646018382.9226999,-2561024.0,28312.37704841184,13.73511575855474,3906
521,0.014527408010513245,460.57793515969075,1.0240000486373901,1.1,1.1480000000000001,-0.745,28219.503978307745,32.98174476637802,53.84438561152428,646018382.9226999,-2561024.0,28312.37704841184,13.628871567675363,3906
538,0.014046087950173798,460.57793515969075,1.0240000486373901,0.6,1.1560000000000001,-0.745,28220.896570812103,32.80030948354634,53.97793030886401,646018382.9226999,-2561024.0,28312.377048441525,13.52630604632486,3906
546,0.01301927398850188,460.57793515969075,1.0240000486373901,0.09999999999999998,1.122,-0.742,28220.326280479876,33.477424372143425,53.37261013021317,646018382.9226999,-2561024.0,28312.37704839239,13.568402110235004,3906
547,0.014173795489055225,460.57793515969075,1.0240000486373901,0.6,1.122,-0.742,28218.377351061536,33.477424372143425,53.37261013021317,646018382.9226999,-2561024.0,28312.37704839239,13.711287126368207,3906
548,0.014452420054752502,460.57793515969075,1.0240000486373901,1.1,1.122,-0.742,28218.9283676012,33.477424372143425,53.37261013021317,646018382.9226999,-2561024.0,28312.37704839239,13.671040983860198,3906
556,0.014066894818463516,460.57793515969075,1.0240000486373901,0.6,1.1260000000000001,-0.742,28219.92228947808,33.383675903709076,53.44058095449467,646018382.9226999,-2561024.0,28312.377048416834,13.59814391295774,3906
574,0.014039260891235365,460.57793515969075,1.0240000486373901,0.6,1.1340000000000001,-0.742,28220.555471309446,33.19756579221645,53.57609027196762,646018382.9226999,-2561024.0,28312.37704843346,13.551500073719799,3906
579,0.034260767357227946,212.13203435596432,1.0240000486373901,0.09999999999999998,1.1380000000000001,-0.742,28218.500835386058,33.105198299714345,53.643628005431424,646018382.9226999,-2561024.0,28312.37704836408,13.702278130152118,3906
580,0.027423911759588228,212.13203435596432,1.0240000486373901,0.6,1.1380000000000001,-0.742,28218.756058397517,33.105198299714345,53.643628005431424,646018382.9226999,-2561024.0,28312.37704836408,13.683639133400353,3906
582,0.013252462047753625,460.57793515969075,1.0240000486373901,0.09999999999999998,1.1380000000000001,-0.742,28216.53464566495,33.105198299714345,53.643628005431424,646018382.9226999,-2561024.0,28312.37704836408,13.845028183368253,3906
583,0.014421254269151652,460.57793515969075,1.0240000486373901,0.6,1.1380000000000001,-0.742,28214.694774794145,33.105198299714345,53.643628005431424,646018382.9226999,-2561024.0,28312.37704836408,13.977286830421361,3906
584,0.014716400049444332,460.57793515969075,1.0240000486373901,1.1,1.1380000000000001,-0.742,28215.61706353597,33.105198299714345,53.643628005431424,646018382.9226999,-2561024.0,28312.37704836408,13.911145519195012,3906
588,0.03408239012024929,212.13203435596432,1.0240000486373901,0.09999999999999998,1.1420000000000001,-0.742,28221.00022366488,33.013285315041564,53.71102063750381,646018382.9226999,-2561024.0,28312.37704839457,13.518640814053036,3906
589,0.02736686340490979,212.13203435596432,1.0240000486373901,0.6,1.1420000000000001,-0.742,28220.939872725903,33.013285315041564,53.71102063750381,646018382.9226999,-2561024.0,28312.37704839457,13.523104352822756,3906
591,0.013174872338732812,460.57793515969075,1.0240000486373901,0.09999999999999998,1.1420000000000001,-0.742,28218.39519826686,33.013285315041564,53.71102063750381,646018382.9226999,-2561024.0,28312.37704839457,13.709985421415398,3906
592,0.014359192423369273,460.57793515969075,1.0240000486373901,0.6,1.1420000000000001,-0.742,28216.668411399463,33.013285315041564,53.71102063750381,646018382.9226999,-2561024.0,28312.37704839457,13.83536316799141,3906
593,0.014716948794752709,460.57793515969075,1.0240000486373901,1.1,1.1420000000000001,-0.742,28217.25372219647,33.013285315041564,53.71102063750381,646018382.9226999,-2561024.0,28312.37704839457,13.792992873056933,3906
597,0.034288239205256955,212.13203435596432,1.0240000486373901,0.09999999999999998,1.1460000000000001,-0.742,28219.568532922873,32.92182396130756,53.778267820954866,646018382.9226999,-2561024.0,28312.377048380265,13.624134134497707,3906
598,0.027541001870067715,212.13203435596432,1.0240000486373901,0.6,1.1460000000000001,-0.742,28219.378348062626,32.92182396130756,53.778267820954866,646018382.9226999,-2561024.0,28312.377048380265,13.638086399318587,3906
600,0.013234748537140602,460.57793515969075,1.0240000486373901,0.09999999999999998,1.1460000000000001,-0.742,28217.35590545332,32.92182396130756,53.778267820954866,646018382.9226999,-2561024.0,28312.377048380265,13.7855825358919,3906
601,0.01443447537684105,460.57793515969075,1.0240000486373901,0.6,1.1460000000000001,-0.742,28215.400712396,32.92182396130756,53.778267820954866,646018382.9226999,-2561024.0,28312.377048380265,13.926689196235081,3906
602,0.01480158964025965,460.57793515969075,1.0240000486373901,1.1,1.1460000000000001,-0.742,28215.812641835433,32.92182396130756,53.778267820954866,646018382.9226999,-2561024.0,28312.377048380265,13.897079300689933,3906
606,0.034228884508003585,212.13203435596432,1.0240000486373901,0.09999999999999998,1.1500000000000001,-0.742,28220.29532290124,32.83081138061764,53.84536922127565,646018382.9226999,-2561024.0,28312.377048395207,13.570683512186731,3906
607,0.027461011158718476,212.13203435596432,1.0240000486373901,0.6,1.1500000000000001,-0.742,28220.40527151027,32.83081138061764,53.84536922127565,646018382.9226999,-2561024.0,28312.377048395207,13.562579171008503,3906
609,0.01320824042665765,460.57793515969075,1.0240000486373901,0.09999999999999998,1.1500000000000001,-0.742,28217.97033761334,32.83081138061764,53.84536922127565,646018382.9226999,-2561024.0,28312.377048395207,13.740939617207145,3906
610,0.014394323319800827,460.57793515969075,1.0240000486373901,0.6,1.1500000000000001,-0.742,28216.245990376134,32.83081138061764,53.84536922127565,646018382.9226999,-2561024.0,28312.377048395207,13.865861532488557,3906
611,0.014741712960395531,460.57793515969075,1.0240000486373901,1.1,1.1500000000000001,-0.742,28217.064426383284,32.83081138061764,53.84536922127565,646018382.9226999,-2561024.0,28312.377048395207,13.806710108633624,3906
627,0.013025484575449822,460.57793515969075,1.0240000486373901,0.09999999999999998,1.1580000000000001,-0.742,28220.928379804704,32.65012120130046,53.979133397006215,646018382.9226999,-2561024.0,28312.377048456063,13.523954203660939,3906
628,0.01415999684744805,460.57793515969075,1.0240000486373901,0.6,1.1580000000000001,-0.742,28220.262355509556,32.65012120130046,53.979133397006215,646018382.9226999,-2561024.0,28312.377048456063,13.57311260886807,3906
636,0.012974183127744158,460.57793515969075,1.0240000486373901,0.09999999999999998,1.12,-0.739,28221.019434764825,33.41768368944974,53.30474730268285,646018382.9226999,-2561024.0,28312.377048409744,13.517219658266946,3906
637,0.014097426595317352,460.57793515969075,1.0240000486373901,0.6,1.12,-0.739,28219.47924165905,33.41768368944974,53.30474730268285,646018382.9226999,-2561024.0,28312.377048409744,13.630686464789228,3906
638,0.014342459815139307,460.57793515969075,1.0240000486373901,1.1,1.12,-0.739,28220.54655621114,33.41768368944974,53.30474730268285,646018382.9226999,-2561024.0,28312.377048409744,13.552157924006456,3906
645,0.013056144614918053,460.57793515969075,1.0240000486373901,0.09999999999999998,1.124,-0.739,28219.611965959142,33.32385206673646,53.37298156958636,646018382.9226999,-2561024.0,28312.37704839492,13.620945814133247,3906
646,0.01417929394691806,460.57793515969075,1.0240000486373901,0.6,1.124,-0.739,28218.077179217362,33.32385206673646,53.37298156958636,646018382.9226999,-2561024.0,28312.37704839492,13.733161994060756,3906
647,0.014408394062333362,460.57793515969075,1.0240000486373901,1.1,1.124,-0.739,28219.30111701112,33.32385206673646,53.37298156958636,646018382.9226999,-2561024.0,28312.37704839492,13.64374812020501,3906
654,0.013032634897390588,460.57793515969075,1.0240000486373901,0.09999999999999998,1.1280000000000001,-0.739,28219.89035183787,33.230485568449815,53.44107088989751,646018382.9226999,-2561024.0,28312.377048394977,13.600492384991735,3906
655,0.014149902829132742,460.57793515969075,1.0240000486373901,0.6,1.1280000000000001,-0.739,28218.35657351022,33.230485568449815,53.44107088989751,646018382.9226999,-2561024.0,28312.377048394977,13.712802403940435,3906
656,0.0143734230995312,460.57793515969075,1.0240000486373901,1.1,1.1280000000000001,-0.739,28219.585799557975,33.230485568449815,53.44107088989751,646018382.9226999,-2561024.0,28312.377048394977,13.622866720114533,3906
682,0.014168858884469846,460.57793515969075,1.0240000486373901,0.6,1.1400000000000001,-0.739,28220.236643495256,32.953147340514256,53.64446536310557,646018382.9226999,-2561024.0,28312.37704843751,13.57500680974066,3906
683,0.014574428099097144,460.57793515969075,1.0240000486373901,1.1,1.1400000000000001,-0.739,28220.615141885744,32.953147340514256,53.64446536310557,646018382.9226999,-2561024.0,28312.37704843751,13.547096113319983,3906
687,0.03446785244335722,212.13203435596432,1.0240000486373901,0.09999999999999998,1.1440000000000001,-0.739,28217.875085675983,32.861611957429695,53.71197115504205,646018382.9226999,-2561024.0,28312.3770483556,13.747869848061303,3906
688,0.027666192396197577,212.13203435596432,1.0240000486373901,0.6,1.1440000000000001,-0.739,28217.563769267294,32.861611957429695,53.71197115504205,646018382.9226999,-2561024.0,28312.3770483556,13.770495930670503,3906
689,0.021334611642083168,212.13203435596432,1.0240000486373901,1.1,1.1440000000000001,-0.739,28219.468465487418,32.861611957429695,53.71197115504205,646018382.9226999,-2561024.0,28312.3770483556,13.631477019617634,3906
690,0.013299622260844786,460.57793515969075,1.0240000486373901,0.09999999999999998,1.1440000000000001,-0.739,28216.245237766627,32.861611957429695,53.71197115504205,646018382.9226999,-2561024.0,28312.3770483556,13.865915807401484,3906
691,0.014506570825897618,460.57793515969075,1.0240000486373901,0.6,1.1440000000000001,-0.739,28213.969047045466,32.861611957429695,53.71197115504205,646018382.9226999,-2561024.0,28312.3770483556,14.02911268114515,3906
692,0.01486455661096698,460.57793515969075,1.0240000486373901,1.1,1.1440000000000001,-0.739,28214.06235214447,32.861611957429695,53.71197115504205,646018382.9226999,-2561024.0,28312.3770483556,14.022460284210569,3906
696,0.03460641690160459,212.13203435596432,1.0240000486373901,0.09999999999999998,1.1480000000000001,-0.739,28217.008238457234,32.77052710437824,53.77933019489285,646018382.9226999,-2561024.0,28312.377048354716,13.810779116145598,3906
697,0.027735554396743817,212.13203435596432,1.0240000486373901,0.6,1.1480000000000001,-0.739,28217.039970205085,32.77052710437824,53.77933019489285,646018382.9226999,-2561024.0,28312.377048354716,13.80848131762726,3906
698,0.021347647937317273,212.13203435596432,1.0240000486373901,1.1,1.1480000000000001,-0.739,28219.497990536904,32.77052710437824,53.77933019489285,646018382.9226999,-2561024.0,28312.377048354716,13.629310900981919,3906
699,0.013352585163691939,460.57793515969075,1.0240000486373901,0.09999999999999998,1.1480000000000001,-0.739,28215.406566685797,32.77052710437824,53.77933019489285,646018382.9226999,-2561024.0,28312.377048354716,13.926268823264836,3906
700,0.014549239633011246,460.57793515969075,1.0240000486373901,0.6,1.1480000000000001,-0.739,28213.30947930659,32.77052710437824,53.77933019489285,646018382.9226999,-2561024.0,28312.377048354716,14.076048383557492,3906
701,0.014880503435119319,460.57793515969075,1.0240000486373901,1.1,1.1480000000000001,-0.739,28213.881325031718,32.77052710437824,53.77933019489285,646018382.9226999,-2561024.0,28312.377048354716,14.035364143690604,3906
705,0.03390429562205466,212.13203435596432,1.0240000486373901,0.09999999999999998,1.1520000000000001,-0.739,28220.59680113045,32.67988992032018,53.846542160213424,646018382.9226999,-2561024.0,28312.37704839865,13.548449894227595,3906
708,0.013199381791491748,460.57793515969075,1.0240000486373901,0.09999999999999998,1.1520000000000001,-0.739,28217.28311533273,32.67988992032018,53.846542160213424,646018382.9226999,-2561024.0,28312.37704839865,13.790861689243108,3906
709,0.014293257339353486,460.57793515969075,1.0240000486373901,0.6,1.1520000000000001,-0.739,28216.480228357643,32.67988992032018,53.846542160213424,646018382.9226999,-2561024.0,28312.37704839865,13.848958086513614,3906
710,0.014474045799208619,460.57793515969075,1.0240000486373901,1.1,1.1520000000000001,-0.739,28219.058369907478,32.67988992032018,53.846542160213424,646018382.9226999,-2561024.0,28312.37704839865,13.66152835455612,3906
717,0.01301501426552647,460.57793515969075,1.0240000486373901,0.09999999999999998,1.1560000000000001,-0.739,28220.281648180448,32.58969756330742,53.913606741015016,646018382.9226999,-2561024.0,28312.37704844501,13.571691144773599,3906
718,0.014073429941895609,460.57793515969075,1.0240000486373901,0.6,1.1560000000000001,-0.739,28220.048924505893,32.58969756330742,53.913606741015016,646018382.9226999,-2561024.0,28312.37704844501,13.588828053891778,3906
726,0.013000816851859049,460.57793515969075,1.0240000486373901,0.09999999999999998,1.122,-0.736,28220.366124279975,33.26373226466571,53.30519708107418,646018382.9226999,-2561024.0,28312.377048415143,13.565465280274573,3906
727,0.01409815112167643,460.57793515969075,1.0240000486373901,0.6,1.122,-0.736,28219.329763963287,33.26373226466571,53.30519708107418,646018382.9226999,-2561024.0,28312.377048415143,13.64164832062866,3906
728,0.014314912835456332,460.57793515969075,1.0240000486373901,1.1,1.122,-0.736,28221.006931373155,33.26373226466571,53.30519708107418,646018382.9226999,-2561024.0,28312.377048415143,13.518144624317948,3906
772,0.01400658980092879,460.57793515969075,1.0240000486373901,0.6,1.1420000000000001,-0.736,28220.274625485505,32.80110676082277,53.64549530638662,646018382.9226999,-2561024.0,28312.37704841673,13.5722085845469,3906
777,0.03442249085676416,212.13203435596432,1.0240000486373901,0.09999999999999998,1.1460000000000001,-0.736,28216.599243195687,32.70995021078934,53.71311314923896,646018382.9226999,-2561024.0,28312.377048336097,13.840361638368366,3906
778,0.027564094317950316,212.13203435596432,1.0240000486373901,0.6,1.1460000000000001,-0.736,28216.54516543819,32.70995021078934,53.71311314923896,646018382.9226999,-2561024.0,28312.377048336097,13.844268337323307,3906
779,0.021171500846908064,212.13203435596432,1.0240000486373901,1.1,1.1460000000000001,-0.736,28219.006400046543,32.70995021078934,53.71311314923896,646018382.9226999,-2561024.0,28312.377048336097,13.66533192348829,3906
780,0.01331929374836531,460.57793515969075,1.0240000486373901,0.09999999999999998,1.1460000000000001,-0.736,28215.02745427952,32.70995021078934,53.71311314923896,646018382.9226999,-2561024.0,28312.377048336097,13.953465093415126,3906
781,0.014502258633771692,460.57793515969075,1.0240000486373901,0.6,1.1460000000000001,-0.736,28212.812406254165,32.70995021078934,53.71311314923896,646018382.9226999,-2561024.0,28312.377048336097,14.111317591347174,3906
782,0.014802019353392438,460.57793515969075,1.0240000486373901,1.1,1.1460000000000001,-0.736,28213.32820804101,32.70995021078934,53.71311314923896,646018382.9226999,-2561024.0,28312.377048336097,14.074717780125244,3906
786,0.03418447782062013,212.13203435596432,1.0240000486373901,0.09999999999999998,1.1500000000000001,-0.736,28218.388738346523,32.61924307119282,53.78058294125908,646018382.9226999,-2561024.0,28312.37704837008,13.710456595136177,3906
787,0.02726971487813371,212.13203435596432,1.0240000486373901,0.6,1.1500000000000001,-0.736,28219.266798855297,32.61924307119282,53.78058294125908,646018382.9226999,-2561024.0,28312.37704837008,13.646263189223816,3906
789,0.013270837810557226,460.57793515969075,1.0240000486373901,0.09999999999999998,1.1500000000000001,-0.736,28215.784934799864,32.61924307119282,53.78058294125908,646018382.9226999,-2561024.0,28312.37704837008,13.899072887801948,3906
790,0.014398640916866403,460.57793515969075,1.0240000486373901,0.6,1.1500000000000001,-0.736,28214.48707179378,32.61924307119282,53.78058294125908,646018382.9226999,-2561024.0,28312.37704837008,13.992138977032644,3906
791,0.014619041171949818,460.57793515969075,1.0240000486373901,1.1,1.1500000000000001,-0.736,28216.383073902456,32.61924307119282,53.78058294125908,646018382.9226999,-2561024.0,28312.37704837008,13.855971598384794,3906
798,0.013110134828377583,460.57793515969075,1.0240000486373901,0.09999999999999998,1.1540000000000001,-0.736,28217.74379937048,32.52898247808945,53.847904372093716,646018382.9226999,-2561024.0,28312.377048394057,13.75741611085282,3906
799,0.014185019554388235,460.57793515969075,1.0240000486373901,0.6,1.1540000000000001,-0.736,28217.012051499434,32.52898247808945,53.847904372093716,646018382.9226999,-2561024.0,28312.377048394057,13.8105030244827,3906
800,0.014347425563330955,460.57793515969075,1.0240000486373901,1.1,1.1540000000000001,-0.736,28219.538970588706,32.52898247808945,53.847904372093716,646018382.9226999,-2561024.0,28312.377048394057,13.62630381323935,3906
807,0.013039404484466053,460.57793515969075,1.0240000486373901,0.09999999999999998,1.1580000000000001,-0.736,28219.23935839701,32.439165586798325,53.91507714376058,646018382.9226999,-2561024.0,28312.37704840275,13.648273883955923,3906
808,0.014132611201233332,460.57793515969075,1.0240000486373901,0.6,1.1580000000000001,-0.736,28218.25165574189,32.439165586798325,53.91507714376058,646018382.9226999,-2561024.0,28312.37704840275,13.720451352696731,3906
809,0.014335503829784593,460.57793515969075,1.0240000486373901,1.1,1.1580000000000001,-0.736,28220.26118916307,32.439165586798325,53.91507714376058,646018382.9226999,-2561024.0,28312.37704840275,13.573198535325318,3906
871,0.013996222014680869,460.57793515969075,1.0240000486373901,0.6,1.1440000000000001,-0.733,28220.03101275413,32.649078700557546,53.64671778529687,646018382.9226999,-2561024.0,28312.377048410097,13.590146110764685,3906
876,0.03405269896367886,212.13203435596432,1.0240000486373901,0.09999999999999998,1.1480000000000001,-0.733,28218.160757712583,32.558302198777504,53.71444656490219,646018382.9226999,-2561024.0,28312.37704834406,13.727074752581267,3906
877,0.027236081688325014,212.13203435596432,1.0240000486373901,0.6,1.1480000000000001,-0.733,28218.084262676926,32.558302198777504,53.71444656490219,646018382.9226999,-2561024.0,28312.37704834406,13.732646188345058,3906
878,0.020857532436511117,212.13203435596432,1.0240000486373901,1.1,1.1480000000000001,-0.733,28220.605252163758,32.558302198777504,53.71444656490219,646018382.9226999,-2561024.0,28312.37704834406,13.547826111985847,3906
879,0.013199416424623944,460.57793515969075,1.0240000486373901,0.09999999999999998,1.1480000000000001,-0.733,28216.43958111279,32.558302198777504,53.71444656490219,646018382.9226999,-2561024.0,28312.37704834406,13.851892811545264,3906
880,0.01436369603509221,460.57793515969075,1.0240000486373901,0.6,1.1480000000000001,-0.733,28214.242699127964,32.558302198777504,53.71444656490219,646018382.9226999,-2561024.0,28312.37704834406,14.009593085889103,3906
881,0.014627064751253714,460.57793515969075,1.0240000486373901,1.1,1.1480000000000001,-0.733,28214.813903657134,32.558302198777504,53.71444656490219,646018382.9226999,-2561024.0,28312.37704834406,13.968761196822468,3906
885,0.03407786917232259,212.13203435596432,1.0240000486373901,0.09999999999999998,1.1520000000000001,-0.733,28217.50970294779,32.467973969248035,53.78202599975197,646018382.9226999,-2561024.0,28312.37704834047,13.774421613460113,3906
886,0.02717966537862616,212.13203435596432,1.0240000486373901,0.6,1.1520000000000001,-0.733,28217.99100582669,32.467973969248035,53.78202599975197,646018382.9226999,-2561024.0,28312.37704834047,13.739435396971675,3906
888,0.013247468329218188,460.57793515969075,1.0240000486373901,0.09999999999999998,1.1520000000000001,-0.733,28215.27874024359,32.467973969248035,53.78202599975197,646018382.9226999,-2561024.0,28312.37704834047,13.935444599787974,3906
889,0.014379406579790732,460.57793515969075,1.0240000486373901,0.6,1.1520000000000001,-0.733,28213.553186168403,32.467973969248035,53.78202599975197,646018382.9226999,-2561024.0,28312.37704834047,14.05872413642622,3906
890,0.014587600686516905,460.57793515969075,1.0240000486373901,1.1,1.1520000000000001,-0.733,28214.83882342397,32.467973969248035,53.78202599975197,646018382.9226999,-2561024.0,28312.37704834047,13.96697711865394,3906
894,0.03369067453128393,212.13203435596432,1.0240000486373901,0.09999999999999998,1.1560000000000001,-0.733,28220.21889427107,32.37809114536264,53.84945579160948,646018382.9226999,-2561024.0,28312.377048372568,13.57631423483536,3906
895,0.02686922901406886,212.13203435596432,1.0240000486373901,0.6,1.1560000000000001,-0.733,28220.946577343057,32.37809114536264,53.84945579160948,646018382.9226999,-2561024.0,28312.377048372568,13.522608552310531,3906
897,0.013135041924873156,460.57793515969075,1.0240000486373901,0.09999999999999998,1.1560000000000001,-0.733,28217.07217263252,32.37809114536264,53.84945579160948,646018382.9226999,-2561024.0,28312.377048372568,13.806149045990091,3906
898,0.014239487352037363,460.57793515969075,1.0240000486373901,0.6,1.1560000000000001,-0.733,28215.859766302998,32.37809114536264,53.84945579160948,646018382.9226999,-2561024.0,28312.377048372568,13.89368792434678,3906
899,0.014436841428877946,460.57793515969075,1.0240000486373901,1.1,1.1560000000000001,-0.733,28217.65585246511,32.37809114536264,53.84945579160948,646018382.9226999,-2561024.0,28312.377048372568,13.763807315380387,3906
933,0.01290248102032616,460.57793515969075,1.0240000486373901,0.09999999999999998,1.1340000000000001,-0.73,28220.13792791804,32.770962742265546,53.443716194567195,646018382.9226999,-2561024.0,28312.377048406528,13.582276722883242,3906
934,0.013874951356982291,460.57793515969075,1.0240000486373901,0.6,1.1340000000000001,-0.73,28219.92105939786,32.770962742265546,53.443716194567195,646018382.9226999,-2561024.0,28312.377048406528,13.598234371319501,3906
939,0.03329458287839602,212.13203435596432,1.0240000486373901,0.09999999999999998,1.1380000000000001,-0.73,28220.835046128675,32.67920872932664,53.512004851594526,646018382.9226999,-2561024.0,28312.377048345174,13.530853795418682,3906
942,0.013070675405479631,460.57793515969075,1.0240000486373901,0.09999999999999998,1.1380000000000001,-0.73,28217.61992377436,32.67920872932664,53.512004851594526,646018382.9226999,-2561024.0,28312.377048345174,13.766417440337422,3906
943,0.014145687595727732,460.57793515969075,1.0240000486373901,0.6,1.1380000000000001,-0.73,28216.034003444373,32.67920872932664,53.512004851594526,646018382.9226999,-2561024.0,28312.377048345174,13.881141516518086,3906
944,0.014260763790667772,460.57793515969075,1.0240000486373901,1.1,1.1380000000000001,-0.73,28217.461226382122,32.67920872932664,53.512004851594526,646018382.9226999,-2561024.0,28312.377048345174,13.77794048202065,3906
952,0.013924013356381307,460.57793515969075,1.0240000486373901,0.6,1.1420000000000001,-0.73,28219.998256130333,32.58791055755534,53.58014380817754,646018382.9226999,-2561024.0,28312.37704838539,13.592556216919482,3906
953,0.014100766154514607,460.57793515969075,1.0240000486373901,1.1,1.1420000000000001,-0.73,28220.728982771667,32.58791055755534,53.58014380817754,646018382.9226999,-2561024.0,28312.37704838539,13.538690159223277,3906
966,0.033661429243087994,212.13203435596432,1.0240000486373901,0.09999999999999998,1.1500000000000001,-0.73,28219.02749982685,32.40667004389688,53.71597133760031,646018382.9226999,-2561024.0,28312.377048339265,13.663787799319405,3906
967,0.026795727572888985,212.13203435596432,1.0240000486373901,0.6,1.1500000000000001,-0.73,28219.382146308104,32.40667004389688,53.71597133760031,646018382.9226999,-2561024.0,28312.377048339265,13.637807890651743,3906
969,0.013129266207937557,460.57793515969075,1.0240000486373901,0.09999999999999998,1.1500000000000001,-0.73,28216.881838108708,32.40667004389688,53.71597133760031,646018382.9226999,-2561024.0,28312.377048339265,13.819928381186196,3906
970,0.01423728695092542,460.57793515969075,1.0240000486373901,0.6,1.1500000000000001,-0.73,28214.97396290539,32.40667004389688,53.71597133760031,646018382.9226999,-2561024.0,28312.377048339265,13.957298122048863,3906
971,0.014385799300020817,460.57793515969075,1.0240000486373901,1.1,1.1500000000000001,-0.73,28216.277241886353,32.40667004389688,53.71597133760031,646018382.9226999,-2561024.0,28312.377048339265,13.863607499703111,3906
975,0.033759558849213486,212.13203435596432,1.0240000486373901,0.09999999999999998,1.1540000000000001,-0.73,28218.009036176394,32.31672190479206,53.78365930092358,646018382.9226999,-2561024.0,28312.377048320403,13.738123026382343,3906
976,0.026915631802514314,212.13203435596432,1.0240000486373901,0.6,1.1540000000000001,-0.73,28218.062509334308,32.31672190479206,53.78365930092358,646018382.9226999,-2561024.0,28312.377048320403,13.734230155789199,3906
977,0.020494200472209977,212.13203435596432,1.0240000486373901,1.1,1.1540000000000001,-0.73,28220.817952387435,32.31672190479206,53.78365930092358,646018382.9226999,-2561024.0,28312.377048320403,13.532117050407706,3906
978,0.013182760190453833,460.57793515969075,1.0240000486373901,0.09999999999999998,1.1540000000000001,-0.73,28215.75407998016,32.31672190479206,53.78365930092358,646018382.9226999,-2561024.0,28312.377048320403,13.90129262624463,3906
979,0.014303260797536991,460.57793515969075,1.0240000486373901,0.6,1.1540000000000001,-0.73,28213.6858685204,32.31672190479206,53.78365930092358,646018382.9226999,-2561024.0,28312.377048320403,14.049283241504083,3906
980,0.014479717361906546,460.57793515969075,1.0240000486373901,1.1,1.1540000000000001,-0.73,28214.541343997054,32.31672190479206,53.78365930092358,646018382.9226999,-2561024.0,28312.377048320403,13.988259671835392,3906
984,0.033464518593403804,212.13203435596432,1.0240000486373901,0.09999999999999998,1.1580000000000001,-0.73,28219.69422072202,32.2272180122366,53.85119634439947,646018382.9226999,-2561024.0,28312.377048346276,13.614905627602116,3906
985,0.026600530005160234,212.13203435596432,1.0240000486373901,0.6,1.1580000000000001,-0.73,28220.624353861578,32.2272180122366,53.85119634439947,646018382.9226999,-2561024.0,28312.377048346276,13.5464160931737,3906
987,0.013141610149306308,460.57793515969075,1.0240000486373901,0.09999999999999998,1.1580000000000001,-0.73,28216.053864222944,32.2272180122366,53.85119634439947,646018382.9226999,-2561024.0,28312.377048346276,13.879710668694207,3906
988,0.014201328984711551,460.57793515969075,1.0240000486373901,0.6,1.1580000000000001,-0.73,28214.996011341183,32.2272180122366,53.85119634439947,646018382.9226999,-2561024.0,28312.377048346276,13.955718326556491,3906
989,0.014317197424775437,460.57793515969075,1.0240000486373901,1.1,1.1580000000000001,-0.73,28217.12559677816,32.2272180122366,53.85119634439947,646018382.9226999,-2561024.0,28312.377048346276,13.802278910970763,3906
997,0.01400040074589983,460.57793515969075,1.0240000486373901,0.6,1.12,-0.727,28219.38422383795,32.98789017864507,53.16988101424998,646018382.9226999,-2561024.0,28312.377048387698,13.637655557297723,3906
998,0.014161408318251764,460.57793515969075,1.0240000486373901,1.1,1.12,-0.727,28220.21858032276,32.98789017864507,53.16988101424998,646018382.9226999,-2561024.0,28312.377048387698,13.576337360638869,3906
1006,0.013929664357714387,460.57793515969075,1.0240000486373901,0.6,1.124,-0.727,28219.881526031128,32.89467369611772,53.238883002419385,646018382.9226999,-2561024.0,28312.37704839789,13.601141302608683,3906
1011,0.033526011321322505,212.13203435596432,1.0240000486373901,0.09999999999999998,1.1280000000000001,-0.727,28219.93716494989,32.80192381383324,53.307735345014486,646018382.9226999,-2561024.0,28312.37704833266,13.597049928772714,3906
1012,0.02676642724088495,212.13203435596432,1.0240000486373901,0.6,1.1280000000000001,-0.727,28219.48096693635,32.80192381383324,53.307735345014486,646018382.9226999,-2561024.0,28312.37704833266,13.630559885515302,3906
1014,0.013095215024447838,460.57793515969075,1.0240000486373901,0.09999999999999998,1.1280000000000001,-0.727,28217.697758209288,32.80192381383324,53.307735345014486,646018382.9226999,-2561024.0,28312.37704833266,13.760762342499138,3906
1015,0.0142283073028478,460.57793515969075,1.0240000486373901,0.6,1.1280000000000001,-0.727,28215.347129062495,32.80192381383324,53.307735345014486,646018382.9226999,-2561024.0,28312.37704833266,13.930536189979486,3906
1016,0.014425167255033811,460.57793515969075,1.0240000486373901,1.1,1.1280000000000001,-0.727,28215.49522195768,32.80192381383324,53.307735345014486,646018382.9226999,-2561024.0,28312.37704833266,13.919901319691753,3906
1023,0.012879859409389134,460.57793515969075,1.0240000486373901,0.09999999999999998,1.1320000000000001,-0.727,28220.908672793477,32.7096375196161,53.37643767812772,646018382.9226999,-2561024.0,28312.37704839934,13.525411313957301,3906
1024,0.013912291458387373,460.57793515969075,1.0240000486373901,0.6,1.1320000000000001,-0.727,28219.992256018766,32.7096375196161,53.37643767812772,646018382.9226999,-2561024.0,28312.37704839934,13.592997637061028,3906
1029,0.03374065749797008,212.13203435596432,1.0240000486373901,0.09999999999999998,1.1360000000000001,-0.727,28219.328315574323,32.61781182170488,53.44498965127694,646018382.9226999,-2561024.0,28312.37704834928,13.641754489431182,3906
1030,0.026861030312921582,212.13203435596432,1.0240000486373901,0.6,1.1360000000000001,-0.727,28219.663692237373,32.61781182170488,53.44498965127694,646018382.9226999,-2561024.0,28312.37704834928,13.617147727178997,3906
1032,0.013159603493374934,460.57793515969075,1.0240000486373901,0.09999999999999998,1.1360000000000001,-0.727,28216.888227946456,32.61781182170488,53.44498965127694,646018382.9226999,-2561024.0,28312.37704834928,13.819466010148496,3906
1033,0.01427175481026881,460.57793515969075,1.0240000486373901,0.6,1.1360000000000001,-0.727,28215.08636969411,32.61781182170488,53.44498965127694,646018382.9226999,-2561024.0,28312.37704834928,13.949242176919295,3906
1034,0.014423090585646543,460.57793515969075,1.0240000486373901,1.1,1.1360000000000001,-0.727,28216.39034115,32.61781182170488,53.44498965127694,646018382.9226999,-2561024.0,28312.37704834928,13.855447102080916,3906
1038,0.03433597553793896,212.13203435596432,1.0240000486373901,0.09999999999999998,1.1400000000000001,-0.727,28216.00394141181,32.52644374866242,53.51339092721142,646018382.9226999,-2561024.0,28312.37704830354,13.883307018987194,3906
1039,0.027513926950617704,212.13203435596432,1.0240000486373901,0.6,1.1400000000000001,-0.727,28214.9404741622,32.52644374866242,53.51339092721142,646018382.9226999,-2561024.0,28312.37704830354,13.959697284779647,3906
1040,0.021074424074217713,212.13203435596432,1.0240000486373901,1.1,1.1400000000000001,-0.727,28216.35227208614,32.52644374866242,53.51339092721142,646018382.9226999,-2561024.0,28312.37704830354,13.858194414670358,3906
1041,0.013276995351109157,460.57793515969075,1.0240000486373901,0.09999999999999998,1.1400000000000001,-0.727,28215.35311137683,32.52644374866242,53.51339092721142,646018382.9226999,-2561024.0,28312.37704830354,13.93010674235564,3906
1042,0.014492763278943773,460.57793515969075,1.0240000486373901,0.6,1.1400000000000001,-0.727,28212.139644221235,32.52644374866242,53.51339092721142,646018382.9226999,-2561024.0,28312.37704830354,14.158912675929967,3906
1043,0.014790660445978205,460.57793515969075,1.0240000486373901,1.1,1.1400000000000001,-0.727,28211.24779261099,32.52644374866242,53.51339092721142,646018382.9226999,-2561024.0,28312.37704830354,14.221761894543935,3906
1050,0.012921945536051813,460.57793515969075,1.0240000486373901,0.09999999999999998,1.1440000000000001,-0.727,28220.261049921803,32.43553034928473,53.581641181719796,646018382.9226999,-2561024.0,28312.377048378337,13.573208792067904,3906
1051,0.01399932807643372,460.57793515969075,1.0240000486373901,0.6,1.1440000000000001,-0.727,28218.698485131543,32.43553034928473,53.581641181719796,646018382.9226999,-2561024.0,28312.377048378337,13.687845940599603,3906
1052,0.01414449092725361,460.57793515969075,1.0240000486373901,1.1,1.1440000000000001,-0.727,28219.98779200538,32.43553034928473,53.581641181719796,646018382.9226999,-2561024.0,28312.377048378337,13.593326036916563,3906
1059,0.012912644662724057,460.57793515969075,1.0240000486373901,0.09999999999999998,1.1480000000000001,-0.727,28220.290850553705,32.34506869250856,53.64974010344009,646018382.9226999,-2561024.0,28312.37704838891,13.571013067210869,3906
1060,0.013970766175288923,460.57793515969075,1.0240000486373901,0.6,1.1480000000000001,-0.727,28219.061581151505,32.34506869250856,53.64974010344009,646018382.9226999,-2561024.0,28312.37704838891,13.661293294370335,3906
1061,0.014080099253289395,460.57793515969075,1.0240000486373901,1.1,1.1480000000000001,-0.727,28220.964582299024,32.34506869250856,53.64974010344009,646018382.9226999,-2561024.0,28312.37704838891,13.521277017344563,3906
1065,0.033601800941174036,212.13203435596432,1.0240000486373901,0.09999999999999998,1.1520000000000001,-0.727,28220.78719535271,32.25505586731782,53.71768739367163,646018382.9226999,-2561024.0,28312.377048361832,13.534389754187051,3906
1066,0.026899909621421445,212.13203435596432,1.0240000486373901,0.6,1.1520000000000001,-0.727,28220.545336555693,32.25505586731782,53.71768739367163,646018382.9226999,-2561024.0,28312.377048361832,13.552247917311623,3906
1068,0.013078248042605854,460.57793515969075,1.0240000486373901,0.09999999999999998,1.1520000000000001,-0.727,28218.326303650992,32.25505586731782,53.71768739367163,646018382.9226999,-2561024.0,28312.377048361832,13.715009639868239,3906
1069,0.014225188173659963,460.57793515969075,1.0240000486373901,0.6,1.1520000000000001,-0.727,28216.312736586842,32.25505586731782,53.71768739367163,646018382.9226999,-2561024.0,28312.377048361832,13.8610469860678,3906
1070,0.014490198751043718,460.57793515969075,1.0240000486373901,1.1,1.1520000000000001,-0.727,28216.755879248663,32.25505586731782,53.71768739367163,646018382.9226999,-2561024.0,28312.377048361832,13.829039671153485,3906
1074,0.03412511829191796,212.13203435596432,1.0240000486373901,0.09999999999999998,1.1560000000000001,-0.727,28216.36576902448,32.16548898264884,53.785482766189084,646018382.9226999,-2561024.0,28312.37704830712,13.857220448750919,3906
1075,0.027253998423954796,212.13203435596432,1.0240000486373901,0.6,1.1560000000000001,-0.727,28216.047733170468,32.16548898264884,53.785482766189084,646018382.9226999,-2561024.0,28312.37704830712,13.880152386530376,3906
1076,0.020796689591854538,212.13203435596432,1.0240000486373901,1.1,1.1560000000000001,-0.727,28218.388978757706,32.16548898264884,53.785482766189084,646018382.9226999,-2561024.0,28312.37704830712,13.710439055654923,3906
1077,0.013265654120474955,460.57793515969075,1.0240000486373901,0.09999999999999998,1.1560000000000001,-0.727,28214.876056223264,32.16548898264884,53.785482766189084,646018382.9226999,-2561024.0,28312.37704830712,13.964311088188815,3906
1078,0.014426491532150088,460.57793515969075,1.0240000486373901,0.6,1.1560000000000001,-0.727,28212.337559323947,32.16548898264884,53.785482766189084,646018382.9226999,-2561024.0,28312.37704830712,14.144927640901752,3906
1079,0.014649465663481518,460.57793515969075,1.0240000486373901,1.1,1.1560000000000001,-0.727,28212.559605880957,32.16548898264884,53.785482766189084,646018382.9226999,-2561024.0,28312.37704830712,14.129220957021184,3906
1086,0.012976224604859428,460.57793515969075,1.0240000486373901,0.09999999999999998,1.122,-0.724,28219.489918483647,32.833194122165416,53.170890910088985,646018382.9226999,-2561024.0,28312.37704834792,13.629903144503519,3906
1087,0.014063502628310244,460.57793515969075,1.0240000486373901,0.6,1.122,-0.724,28217.33046446837,32.833194122165416,53.170890910088985,646018382.9226999,-2561024.0,28312.37704834792,13.787427887720746,3906
1088,0.014164647967727864,460.57793515969075,1.0240000486373901,1.1,1.122,-0.724,28218.173602252802,32.833194122165416,53.170890910088985,646018382.9226999,-2561024.0,28312.37704834792,13.726139012491322,3906
1092,0.033275502417169776,212.13203435596432,1.0240000486373901,0.09999999999999998,1.1260000000000001,-0.724,28220.405167245503,32.74036951980591,53.24000976263641,646018382.9226999,-2561024.0,28312.377048345432,13.562586855016214,3906
1095,0.01309822568761565,460.57793515969075,1.0240000486373901,0.09999999999999998,1.1260000000000001,-0.724,28217.062445455413,32.74036951980591,53.24000976263641,646018382.9226999,-2561024.0,28312.377048345432,13.806853580017364,3906
1096,0.014137935551091834,460.57793515969075,1.0240000486373901,0.6,1.1260000000000001,-0.724,28215.789096653116,32.74036951980591,53.24000976263641,646018382.9226999,-2561024.0,28312.377048345432,13.898773448928218,3906
1097,0.014167487953690393,460.57793515969075,1.0240000486373901,1.1,1.1260000000000001,-0.724,28217.98656883594,32.74036951980591,53.24000976263641,646018382.9226999,-2561024.0,28312.377048345432,13.739758331898939,3906
1104,0.01300390635101982,460.57793515969075,1.0240000486373901,0.09999999999999998,1.1300000000000001,-0.724,28218.588215191023,32.64801034271893,53.30897760298567,646018382.9226999,-2561024.0,28312.37704835161,13.695899617081484,3906
1105,0.014064415296928756,460.57793515969075,1.0240000486373901,0.6,1.1300000000000001,-0.724,28217.0262253873,32.64801034271893,53.30897760298567,646018382.9226999,-2561024.0,28312.37704835161,13.80947667106241,3906
1106,0.014152222216677465,460.57793515969075,1.0240000486373901,1.1,1.1300000000000001,-0.724,28218.40297073919,32.64801034271893,53.30897760298567,646018382.9226999,-2561024.0,28312.37704835161,13.709418486020473,3906
1113,0.012913750134688005,460.57793515969075,1.0240000486373901,0.09999999999999998,1.1340000000000001,-0.724,28220.8524236336,32.55611357556494,53.37779408004073,646018382.9226999,-2561024.0,28312.377048408413,13.529569451746124,3906
1114,0.013944937761306538,460.57793515969075,1.0240000486373901,0.6,1.1340000000000001,-0.724,28220.11228133531,32.55611357556494,53.37779408004073,646018382.9226999,-2561024.0,28312.377048408413,13.58416483064764,3906
1119,0.03339432432017938,212.13203435596432,1.0240000486373901,0.09999999999999998,1.1380000000000001,-0.724,28220.25798510226,32.46467622360567,53.44645885604138,646018382.9226999,-2561024.0,28312.377048335395,13.573434586215422,3906
1120,0.026578163392365937,212.13203435596432,1.0240000486373901,0.6,1.1380000000000001,-0.724,28220.188297576762,32.46467622360567,53.44645885604138,646018382.9226999,-2561024.0,28312.377048335395,13.578567727019852,3906
1122,0.013076980810709966,460.57793515969075,1.0240000486373901,0.09999999999999998,1.1380000000000001,-0.724,28217.859728111853,32.46467622360567,53.44645885604138,646018382.9226999,-2561024.0,28312.377048335395,13.748986888025016,3906
1123,0.014178320894763886,460.57793515969075,1.0240000486373901,0.6,1.1380000000000001,-0.724,28215.724832377222,32.46467622360567,53.44645885604138,646018382.9226999,-2561024.0,28312.377048335395,13.90339641657194,3906
1124,0.014308036183807098,460.57793515969075,1.0240000486373901,1.1,1.1380000000000001,-0.724,28216.520115972726,32.46467622360567,53.44645885604138,646018382.9226999,-2561024.0,28312.377048335395,13.846077593504154,3906
1131,0.012948016391332034,460.57793515969075,1.0240000486373901,0.09999999999999998,1.1420000000000001,-0.724,28219.44624482556,32.373695312610174,53.51497160636906,646018382.9226999,-2561024.0,28312.377048370763,13.633107022627039,3906
1132,0.013977892489052866,460.57793515969075,1.0240000486373901,0.6,1.1420000000000001,-0.724,28218.24394193946,32.373695312610174,53.51497160636906,646018382.9226999,-2561024.0,28312.377048370763,13.721013550849785,3906
1133,0.014026900803316564,460.57793515969075,1.0240000486373901,1.1,1.1420000000000001,-0.724,28220.4546953871,32.373695312610174,53.51497160636906,646018382.9226999,-2561024.0,28312.377048370763,13.558934543957617,3906
1140,0.01301047936530999,460.57793515969075,1.0240000486373901,0.09999999999999998,1.1460000000000001,-0.724,28218.65789948892,32.28316788875973,53.5833320193548,646018382.9226999,-2561024.0,28312.37704836696,13.690810704851694,3906
1141,0.014047867212303134,460.57793515969075,1.0240000486373901,0.6,1.1460000000000001,-0.724,28217.422422640866,32.28316788875973,53.5833320193548,646018382.9226999,-2561024.0,28312.37704836696,13.78075656312783,3906
1142,0.014086086675130588,460.57793515969075,1.0240000486373901,1.1,1.1460000000000001,-0.724,28219.797168839435,32.28316788875973,53.5833320193548,646018382.9226999,-2561024.0,28312.37704836696,13.607342101051618,3906
1149,0.013069792271033097,460.57793515969075,1.0240000486373901,0.09999999999999998,1.1500000000000001,-0.724,28217.82820793588,32.19309101855141,53.65153979608919,646018382.9226999,-2561024.0,28312.377048366572,13.751279244542488,3906
1150,0.014124840836504981,460.57793515969075,1.0240000486373901,0.6,1.1500000000000001,-0.724,28216.741768670843,32.19309101855141,53.65153979608919,646018382.9226999,-2561024.0,28312.377048366572,13.8300599923304,3906
1151,0.014218017284382779,460.57793515969075,1.0240000486373901,1.1,1.1500000000000001,-0.724,28218.79072208759,32.19309101855141,53.65153979608919,646018382.9226999,-2561024.0,28312.377048366572,13.681105677465005,3906
1158,0.013050788026797695,460.57793515969075,1.0240000486373901,0.09999999999999998,1.1540000000000001,-0.724,28217.66918794266,32.10346178870065,53.71959465023425,646018382.9226999,-2561024.0,28312.377048344588,13.762838399249347,3906
1159,0.014121350936242732,460.57793515969075,1.0240000486373901,0.6,1.1540000000000001,-0.724,28216.126602806336,32.10346178870065,53.71959465023425,646018382.9226999,-2561024.0,28312.377048344588,13.874469037642584,3906
1160,0.014235741919875288,460.57793515969075,1.0240000486373901,1.1,1.1540000000000001,-0.724,28217.470461583278,32.10346178870065,53.71959465023425,646018382.9226999,-2561024.0,28312.377048344588,13.777270176730214,3906
1167,0.01297317493807938,460.57793515969075,1.0240000486373901,0.09999999999999998,1.1580000000000001,-0.724,28218.8568444654,32.01427730604264,53.78749630783742,646018382.9226999,-2561024.0,28312.377048373357,13.67627170744687,3906
1168,0.01398680942725768,460.57793515969075,1.0240000486373901,0.6,1.1580000000000001,-0.724,28218.039560631576,32.01427730604264,53.78749630783742,646018382.9226999,-2561024.0,28312.377048373357,13.735900970943328,3906
1169,0.014022961770347602,460.57793515969075,1.0240000486373901,1.1,1.1580000000000001,-0.724,28220.624833170063,32.01427730604264,53.78749630783742,646018382.9226999,-2561024.0,28312.377048373357,13.546380712448203,3906
1174,0.02637333293048868,212.13203435596432,1.0240000486373901,0.6,1.12,-0.721,28220.836118644776,32.771409266674326,53.10271456290238,646018382.9226999,-2561024.0,28312.377048336853,13.530774530090806,3906
1176,0.012999414211137159,460.57793515969075,1.0240000486373901,0.09999999999999998,1.12,-0.721,28219.026283018164,32.771409266674326,53.10271456290238,646018382.9226999,-2561024.0,28312.377048336853,13.663876852393672,3906
1177,0.014093623864529286,460.57793515969075,1.0240000486373901,0.6,1.12,-0.721,28216.671578396672,32.771409266674326,53.10271456290238,646018382.9226999,-2561024.0,28312.377048336853,13.835134255957295,3906
1178,0.014213886476225776,460.57793515969075,1.0240000486373901,1.1,1.12,-0.721,28217.131432082813,32.771409266674326,53.10271456290238,646018382.9226999,-2561024.0,28312.377048336853,13.80185612546662,3906
1185,0.012958225622746412,460.57793515969075,1.0240000486373901,0.09999999999999998,1.124,-0.721,28219.64287220705,32.67851055838056,53.17210113177796,646018382.9226999,-2561024.0,28312.377048363865,13.61867659920132,3906
1186,0.013997989301117343,460.57793515969075,1.0240000486373901,0.6,1.124,-0.721,28218.146037848204,32.67851055838056,53.17210113177796,646018382.9226999,-2561024.0,28312.377048363865,13.728147035609808,3906
1187,0.014040229591660638,460.57793515969075,1.0240000486373901,1.1,1.124,-0.721,28219.93032773341,32.67851055838056,53.17210113177796,646018382.9226999,-2561024.0,28312.377048363865,13.59755276735151,3906
1203,0.012999209330146337,460.57793515969075,1.0240000486373901,0.09999999999999998,1.1320000000000001,-0.721,28219.274938802002,32.49411191112386,53.3104178516617,646018382.9226999,-2561024.0,28312.37704838337,13.64566668077208,3906
1204,0.014019367232745928,460.57793515969075,1.0240000486373901,0.6,1.1320000000000001,-0.721,28218.361103172512,32.49411191112386,53.3104178516617,646018382.9226999,-2561024.0,28312.37704838337,13.712472075512602,3906
1205,0.014043689705246398,460.57793515969075,1.0240000486373901,1.1,1.1320000000000001,-0.721,28221.013319462505,32.49411191112386,53.3104178516617,646018382.9226999,-2561024.0,28312.37704838337,13.517672057041748,3906
1209,0.03385273283668771,212.13203435596432,1.0240000486373901,0.09999999999999998,1.1360000000000001,-0.721,28218.589880015646,32.402605914797554,53.3793473127168,646018382.9226999,-2561024.0,28312.37704833614,13.695778058985473,3906
1210,0.026982283190184808,212.13203435596432,1.0240000486373901,0.6,1.1360000000000001,-0.721,28218.522800498904,32.402605914797554,53.3793473127168,646018382.9226999,-2561024.0,28312.37704833614,13.700675007986758,3906
1212,0.013182764799585547,460.57793515969075,1.0240000486373901,0.09999999999999998,1.1360000000000001,-0.721,28216.886966027614,32.402605914797554,53.3793473127168,646018382.9226999,-2561024.0,28312.37704833614,13.819557323483725,3906
1213,0.014318821514427848,460.57793515969075,1.0240000486373901,0.6,1.1360000000000001,-0.721,28214.584524791666,32.402605914797554,53.3793473127168,646018382.9226999,-2561024.0,28312.37704833614,13.985172401116444,3906
1214,0.014492813104725605,460.57793515969075,1.0240000486373901,1.1,1.1360000000000001,-0.721,28215.220006494623,32.402605914797554,53.3793473127168,646018382.9226999,-2561024.0,28312.37704833614,13.939658664509517,3906
1221,0.012945557387188817,460.57793515969075,1.0240000486373901,0.09999999999999998,1.1400000000000001,-0.721,28220.198231808707,32.311558133137176,53.44812373675074,646018382.9226999,-2561024.0,28312.37704838389,13.57783609970177,3906
1222,0.014010590761771457,460.57793515969075,1.0240000486373901,0.6,1.1400000000000001,-0.721,28218.801749178194,32.311558133137176,53.44812373675074,646018382.9226999,-2561024.0,28312.37704838389,13.68029964625739,3906
1223,0.014128170120843204,460.57793515969075,1.0240000486373901,1.1,1.1400000000000001,-0.721,28220.363743678638,32.311558133137176,53.44812373675074,646018382.9226999,-2561024.0,28312.37704838389,13.565640766676033,3906
1230,0.012894514110731213,460.57793515969075,1.0240000486373901,0.09999999999999998,1.1440000000000001,-0.721,28220.38904223923,32.220965589374885,53.51674681180274,646018382.9226999,-2561024.0,28312.377048381295,13.563775738493046,3906
1231,0.013913839435927739,460.57793515969075,1.0240000486373901,0.6,1.1440000000000001,-0.721,28219.25103980298,32.220965589374885,53.51674681180274,646018382.9226999,-2561024.0,28312.377048381295,13.647417966656858,3906
1239,0.013016076785238036,460.57793515969075,1.0240000486373901,0.09999999999999998,1.1480000000000001,-0.721,28218.351650301007,32.13082532733103,53.58521623877046,646018382.9226999,-2561024.0,28312.377048353883,13.713161419080283,3906
1240,0.014057378266913091,460.57793515969075,1.0240000486373901,0.6,1.1480000000000001,-0.721,28216.91833914301,32.13082532733103,53.58521623877046,646018382.9226999,-2561024.0,28312.377048353883,13.817286941427689,3906
1241,0.014105855534183228,460.57793515969075,1.0240000486373901,1.1,1.1480000000000001,-0.721,28218.985678767254,32.13082532733103,53.58521623877046,646018382.9226999,-2561024.0,28312.377048353883,13.666848179930044,3906
1245,0.03334892681599661,212.13203435596432,1.0240000486373901,0.09999999999999998,1.1520000000000001,-0.721,28220.82643920306,32.04113441131389,53.65353173121989,646018382.9226999,-2561024.0,28312.377048346723,13.531489876851097,3906
1246,0.026559787107672577,212.13203435596432,1.0240000486373901,0.6,1.1520000000000001,-0.721,28220.96152475169,32.04113441131389,53.65353173121989,646018382.9226999,-2561024.0,28312.377048346723,13.521503140925919,3906
1248,0.013083362073465773,460.57793515969075,1.0240000486373901,0.09999999999999998,1.1520000000000001,-0.721,28217.667030989793,32.04113441131389,53.65353173121989,646018382.9226999,-2561024.0,28312.377048346723,13.762995121479236,3906
1249,0.014174223255509169,460.57793515969075,1.0240000486373901,0.6,1.1520000000000001,-0.721,28215.953332701785,32.04113441131389,53.65353173121989,646018382.9226999,-2561024.0,28312.377048346723,13.886951835801696,3906
1250,0.014316341048518838,460.57793515969075,1.0240000486373901,1.1,1.1520000000000001,-0.721,28217.008775964456,32.04113441131389,53.65353173121989,646018382.9226999,-2561024.0,28312.377048346723,13.810740196113139,3906
1257,0.012980571300450688,460.57793515969075,1.0240000486373901,0.09999999999999998,1.1560000000000001,-0.721,28219.002991341134,31.951889926018264,53.72169301519732,646018382.9226999,-2561024.0,28312.37704837489,13.665581365880785,3906
1258,0.014023583716074551,460.57793515969075,1.0240000486373901,0.6,1.1560000000000001,-0.721,28217.908310722592,31.951889926018264,53.72169301519732,646018382.9226999,-2561024.0,28312.37704837489,13.745452895579405,3906
1259,0.014104946557001974,460.57793515969075,1.0240000486373901,1.1,1.1560000000000001,-0.721,28220.026142323157,31.951889926018264,53.72169301519732,646018382.9226999,-2561024.0,28312.37704837489,13.59050448303754,3906
